cliente_id,nombre,segmento,ciudad,region,vendedor_id,plazo_dias,cupo_credito,fecha_alta
C0001,Mercados La Montaña Express S.A.S.,Minoristas,Cartagena,Caribe,V17,30,5000000,2019-04-25
C0002,Ferretería La Sabana Hermanos S.A.S.,Minoristas,Medellín,Antioquia y Eje Cafetero,V08,30,5000000,2024-09-22
C0003,Droguería El Roble Express S.A.S.,Grandes superficies,Cali,Occidente,V06,60,58000000,2021-04-19
C0004,Comercializadora Andina Plus S.A.S.,Minoristas,Cali,Occidente,V07,30,5000000,2024-07-11
C0005,Tiendas La Esperanza S.A.S.,Institucional,Bogotá,Centro,V04,45,6000000,2024-10-22
C0006,Distribuciones Monserrate Plus S.A.S.,Minoristas,Barranquilla,Caribe,V03,30,5000000,2018-03-19
C0007,Supermercado La Sabana S.A.S.,Minoristas,Pereira,Antioquia y Eje Cafetero,V12,30,5000000,2020-11-08
C0008,Inversiones El Poblado Hermanos S.A.S.,Minoristas,Pereira,Antioquia y Eje Cafetero,V05,30,5000000,2021-01-06
C0009,Distribuciones La Candelaria Mayorista S.A.S.,Minoristas,Cali,Occidente,V15,30,5000000,2020-02-14
C0010,Mercados La Sabana Plus S.A.S.,Minoristas,Medellín,Antioquia y Eje Cafetero,V08,30,5000000,2024-02-26
C0011,Almacenes El Poblado del Sur S.A.S.,Mayoristas,Barranquilla,Caribe,V16,45,51000000,2019-09-06
C0012,Almacenes Caribe Hermanos S.A.S.,Minoristas,Cartagena,Caribe,V01,30,5000000,2021-02-13
C0013,Droguería Laureles & Cía S.A.S.,Grandes superficies,Cartagena,Caribe,V16,60,11000000,2023-03-12
C0014,Supermercado La Candelaria Plus S.A.S.,Institucional,Medellín,Antioquia y Eje Cafetero,V05,45,12000000,2023-02-09
C0015,Droguería San José del Sur S.A.S.,Minoristas,Cartagena,Caribe,V03,30,5000000,2018-05-24
C0016,Distribuciones El Prado & Cía S.A.S.,Minoristas,Barranquilla,Caribe,V20,30,5000000,2024-01-31
C0017,Ferretería El Prado del Sur S.A.S.,Minoristas,Pereira,Antioquia y Eje Cafetero,V05,30,5000000,2025-03-21
C0018,Almacenes Laureles del Sur S.A.S.,Mayoristas,Bogotá,Centro,V18,45,5000000,2022-12-31
C0019,Almacenes Central Hermanos S.A.S.,Minoristas,Cartagena,Caribe,V17,30,5000000,2022-02-22
C0020,Supermercado Andina Express S.A.S.,Minoristas,Barranquilla,Caribe,V17,30,5000000,2020-01-29
C0021,Mercados Primavera del Sur S.A.S.,Minoristas,Bogotá,Centro,V02,30,5000000,2018-05-13
C0022,Supermercado Del Norte Express S.A.S.,Mayoristas,Cali,Occidente,V11,45,6000000,2023-04-24
C0023,Tiendas Caribe & Cía S.A.S.,Mayoristas,Bogotá,Centro,V25,45,19000000,2019-10-14
C0024,Ferretería San José Express S.A.S.,Minoristas,Barranquilla,Caribe,V03,30,5000000,2024-12-19
C0025,Inversiones del Valle Mayorista S.A.S.,Minoristas,Cali,Occidente,V15,30,5000000,2021-09-01
C0026,Mercados El Poblado Mayorista S.A.S.,Institucional,Cali,Occidente,V11,45,7000000,2021-02-27
C0027,Grupo Andina & Cía S.A.S.,Minoristas,Bucaramanga,Oriente,V22,30,5000000,2019-07-08
C0028,Inversiones La Montaña S.A.S.,Minoristas,Barranquilla,Caribe,V20,30,5000000,2020-04-15
C0029,Comercializadora La Montaña del Sur S.A.S.,Minoristas,Bogotá,Centro,V04,30,5000000,2025-03-18
C0030,Tiendas Monserrate Express S.A.S.,Institucional,Barranquilla,Caribe,V20,45,6000000,2022-09-30
C0031,Ferretería San José S.A.S.,Minoristas,Cali,Occidente,V07,30,5000000,2021-12-09
C0032,Grupo Monserrate del Sur S.A.S.,Minoristas,Bogotá,Centro,V10,30,5000000,2019-10-19
C0033,Ferretería San José Mayorista S.A.S.,Mayoristas,Medellín,Antioquia y Eje Cafetero,V05,45,24000000,2020-10-21
C0034,Comercializadora Caribe Mayorista S.A.S.,Institucional,Medellín,Antioquia y Eje Cafetero,V24,45,7000000,2020-06-24
C0035,Grupo Monserrate S.A.S.,Institucional,Bucaramanga,Oriente,V09,45,14000000,2023-11-22
C0036,Inversiones Central S.A.S.,Mayoristas,Pereira,Antioquia y Eje Cafetero,V21,45,19000000,2020-10-04
C0037,Distribuciones Monserrate S.A.S.,Minoristas,Bogotá,Centro,V25,30,5000000,2021-07-12
C0038,Comercializadora El Roble del Sur S.A.S.,Institucional,Medellín,Antioquia y Eje Cafetero,V08,45,5000000,2024-03-12
C0039,Supermercado Laureles Hermanos S.A.S.,Minoristas,Bucaramanga,Oriente,V09,30,5000000,2019-11-01
C0040,Ferretería El Roble Hermanos S.A.S.,Minoristas,Cali,Occidente,V11,30,5000000,2023-07-06
C0041,Droguería El Roble & Cía S.A.S.,Minoristas,Bucaramanga,Oriente,V22,30,5000000,2019-09-27
C0042,Almacenes El Roble Mayorista S.A.S.,Minoristas,Cali,Occidente,V07,30,5000000,2024-05-02
C0043,Ferretería Boyacá S.A.S.,Minoristas,Bogotá,Centro,V18,30,5000000,2020-07-06
C0044,Comercializadora Laureles Plus S.A.S.,Mayoristas,Medellín,Antioquia y Eje Cafetero,V08,45,15000000,2018-01-10
C0045,Inversiones Laureles Mayorista S.A.S.,Minoristas,Medellín,Antioquia y Eje Cafetero,V12,30,5000000,2021-04-30
C0046,Supermercado Primavera Plus S.A.S.,Minoristas,Pereira,Antioquia y Eje Cafetero,V12,30,5000000,2019-05-06
C0047,Grupo El Roble S.A.S.,Minoristas,Medellín,Antioquia y Eje Cafetero,V12,30,5000000,2021-06-11
C0048,Distribuciones Los Andes Plus S.A.S.,Minoristas,Bogotá,Centro,V18,30,5000000,2024-10-01
C0049,Supermercado La Montaña & Cía S.A.S.,Minoristas,Barranquilla,Caribe,V01,30,5000000,2020-11-28
C0050,Distribuciones Boyacá del Sur S.A.S.,Minoristas,Medellín,Antioquia y Eje Cafetero,V05,30,5000000,2022-06-03
C0051,Inversiones Andina Plus S.A.S.,Minoristas,Medellín,Antioquia y Eje Cafetero,V08,30,5000000,2020-11-05
C0052,Droguería La Esperanza Express S.A.S.,Minoristas,Cartagena,Caribe,V03,30,5000000,2024-12-30
C0053,Grupo La Candelaria Mayorista S.A.S.,Mayoristas,Barranquilla,Caribe,V17,45,12000000,2021-06-21
C0054,Almacenes La Montaña & Cía S.A.S.,Mayoristas,Barranquilla,Caribe,V03,45,11000000,2020-11-14
C0055,Supermercado Del Norte Hermanos S.A.S.,Minoristas,Cartagena,Caribe,V17,30,5000000,2019-12-13
C0056,Distribuciones San José Express S.A.S.,Grandes superficies,Barranquilla,Caribe,V03,60,125000000,2019-07-02
C0057,Almacenes La Esperanza Mayorista S.A.S.,Minoristas,Cartagena,Caribe,V01,30,5000000,2021-07-16
C0058,Distribuciones San José Hermanos S.A.S.,Mayoristas,Cali,Occidente,V11,45,10000000,2022-10-06
C0059,Almacenes Caribe Plus S.A.S.,Minoristas,Cali,Occidente,V07,30,5000000,2024-04-18
C0060,Almacenes Primavera S.A.S.,Minoristas,Medellín,Antioquia y Eje Cafetero,V08,30,5000000,2019-07-13
C0061,Inversiones La Esperanza Express S.A.S.,Mayoristas,Bogotá,Centro,V18,45,32000000,2019-08-02
C0062,Droguería La Candelaria S.A.S.,Minoristas,Cali,Occidente,V11,30,5000000,2020-01-31
C0063,Tiendas Boyacá & Cía S.A.S.,Grandes superficies,Bogotá,Centro,V10,60,34000000,2021-08-28
C0064,Grupo Caribe Hermanos S.A.S.,Mayoristas,Bogotá,Centro,V23,45,17000000,2021-01-15
C0065,Mercados El Poblado del Sur S.A.S.,Mayoristas,Barranquilla,Caribe,V20,45,5000000,2019-02-14
C0066,Supermercado La Montaña Mayorista S.A.S.,Institucional,Barranquilla,Caribe,V20,45,5000000,2023-08-03
C0067,Mercados Los Andes & Cía S.A.S.,Minoristas,Bogotá,Centro,V10,30,5000000,2022-03-12
C0068,Grupo Boyacá Plus S.A.S.,Minoristas,Bogotá,Centro,V04,30,5000000,2022-01-05
C0069,Mercados del Valle Hermanos S.A.S.,Mayoristas,Cali,Occidente,V07,45,25000000,2018-05-21
C0070,Ferretería Boyacá Express S.A.S.,Mayoristas,Medellín,Antioquia y Eje Cafetero,V08,45,42000000,2022-03-08
C0071,Comercializadora La Sabana S.A.S.,Minoristas,Cali,Occidente,V07,30,5000000,2022-05-08
C0072,Supermercado La 70 S.A.S.,Minoristas,Bogotá,Centro,V04,30,5000000,2021-08-07
C0073,Distribuciones Del Norte Express S.A.S.,Minoristas,Pereira,Antioquia y Eje Cafetero,V24,30,5000000,2020-01-21
C0074,Mercados Monserrate & Cía S.A.S.,Mayoristas,Bogotá,Centro,V10,45,60000000,2025-01-08
C0075,Mercados Andina Express S.A.S.,Minoristas,Medellín,Antioquia y Eje Cafetero,V14,30,5000000,2022-12-06
C0076,Ferretería Monserrate & Cía S.A.S.,Institucional,Medellín,Antioquia y Eje Cafetero,V08,45,5000000,2025-05-16
C0077,Grupo Boyacá & Cía S.A.S.,Minoristas,Cali,Occidente,V06,30,5000000,2022-12-25
C0078,Distribuciones Boyacá Plus S.A.S.,Minoristas,Cartagena,Caribe,V17,30,5000000,2021-09-14
C0079,Ferretería El Poblado S.A.S.,Minoristas,Bogotá,Centro,V10,30,5000000,2019-07-23
C0080,Grupo La Sabana Mayorista S.A.S.,Mayoristas,Bogotá,Centro,V13,45,17000000,2021-12-27
C0081,Droguería Andina del Sur S.A.S.,Minoristas,Bogotá,Centro,V25,30,5000000,2022-05-26
C0082,Inversiones El Roble del Sur S.A.S.,Minoristas,Barranquilla,Caribe,V01,30,5000000,2018-01-21
C0083,Inversiones La 70 del Sur S.A.S.,Mayoristas,Medellín,Antioquia y Eje Cafetero,V05,45,18000000,2021-07-26
C0084,Almacenes Santa Fe Mayorista S.A.S.,Minoristas,Pereira,Antioquia y Eje Cafetero,V08,30,5000000,2023-08-23
C0085,Droguería Monserrate del Sur S.A.S.,Mayoristas,Bogotá,Centro,V04,45,46000000,2019-06-14
C0086,Almacenes Del Norte del Sur S.A.S.,Minoristas,Cali,Occidente,V06,30,5000000,2023-03-06
C0087,Inversiones Caribe Hermanos S.A.S.,Minoristas,Barranquilla,Caribe,V01,30,5000000,2024-12-04
C0088,Droguería El Prado & Cía S.A.S.,Minoristas,Medellín,Antioquia y Eje Cafetero,V21,30,5000000,2018-07-27
C0089,Comercializadora Los Andes Hermanos S.A.S.,Institucional,Medellín,Antioquia y Eje Cafetero,V14,45,5000000,2024-09-04
C0090,Grupo Los Andes Hermanos S.A.S.,Minoristas,Bucaramanga,Oriente,V09,30,5000000,2018-12-18
C0091,Tiendas El Roble S.A.S.,Minoristas,Medellín,Antioquia y Eje Cafetero,V21,30,5000000,2020-10-31
C0092,Droguería La Montaña Express S.A.S.,Minoristas,Pereira,Antioquia y Eje Cafetero,V05,30,5000000,2018-06-04
C0093,Droguería La Esperanza Hermanos S.A.S.,Mayoristas,Bogotá,Centro,V04,45,21000000,2024-01-27
C0094,Ferretería La Esperanza Plus S.A.S.,Minoristas,Cali,Occidente,V11,30,5000000,2021-03-06
C0095,Tiendas Central S.A.S.,Mayoristas,Cali,Occidente,V15,45,30000000,2021-08-29
C0096,Distribuciones La Montaña Express S.A.S.,Institucional,Pereira,Antioquia y Eje Cafetero,V05,45,5000000,2022-03-13
C0097,Distribuciones del Valle Mayorista S.A.S.,Institucional,Bogotá,Centro,V02,45,5000000,2022-03-19
C0098,Almacenes del Valle & Cía S.A.S.,Minoristas,Bucaramanga,Oriente,V22,30,5000000,2018-08-02
C0099,Tiendas Boyacá S.A.S.,Minoristas,Barranquilla,Caribe,V20,30,5000000,2019-01-19
C0100,Droguería San José Mayorista S.A.S.,Minoristas,Pereira,Antioquia y Eje Cafetero,V08,30,5000000,2025-01-09
C0101,Distribuciones San José & Cía S.A.S.,Minoristas,Cali,Occidente,V11,30,5000000,2022-04-07
C0102,Grupo San José Plus S.A.S.,Mayoristas,Medellín,Antioquia y Eje Cafetero,V14,45,15000000,2018-05-23
C0103,Supermercado Monserrate Mayorista S.A.S.,Minoristas,Bucaramanga,Oriente,V09,30,5000000,2019-03-25
C0104,Ferretería La Candelaria del Sur S.A.S.,Minoristas,Medellín,Antioquia y Eje Cafetero,V12,30,5000000,2019-02-25
C0105,Ferretería Del Norte S.A.S.,Minoristas,Bogotá,Centro,V02,30,5000000,2019-06-30
C0106,Supermercado El Roble Express S.A.S.,Minoristas,Barranquilla,Caribe,V01,30,5000000,2023-11-01
C0107,Distribuciones El Roble Express S.A.S.,Mayoristas,Bucaramanga,Oriente,V09,45,8000000,2019-02-06
C0108,Almacenes Los Andes Express S.A.S.,Institucional,Bucaramanga,Oriente,V22,45,5000000,2022-11-02
C0109,Tiendas Laureles S.A.S.,Mayoristas,Medellín,Antioquia y Eje Cafetero,V14,45,18000000,2023-01-21
C0110,Tiendas Santa Fe Express S.A.S.,Minoristas,Barranquilla,Caribe,V01,30,5000000,2024-04-12
C0111,Almacenes Boyacá Plus S.A.S.,Mayoristas,Barranquilla,Caribe,V20,45,41000000,2023-01-25
C0112,Comercializadora El Roble & Cía S.A.S.,Minoristas,Medellín,Antioquia y Eje Cafetero,V21,30,5000000,2024-09-16
C0113,Supermercado El Poblado S.A.S.,Institucional,Barranquilla,Caribe,V01,45,5000000,2019-04-29
C0114,Tiendas El Roble Hermanos S.A.S.,Minoristas,Cartagena,Caribe,V20,30,5000000,2025-04-09
C0115,Inversiones El Poblado Express S.A.S.,Minoristas,Medellín,Antioquia y Eje Cafetero,V24,30,5000000,2021-04-19
C0116,Grupo Monserrate Mayorista S.A.S.,Institucional,Bogotá,Centro,V04,45,5000000,2022-06-30
C0117,Mercados San José Express S.A.S.,Institucional,Cali,Occidente,V07,45,5000000,2020-11-10
C0118,Almacenes San José & Cía S.A.S.,Minoristas,Pereira,Antioquia y Eje Cafetero,V12,30,5000000,2022-04-01
C0119,Grupo del Valle S.A.S.,Minoristas,Cali,Occidente,V11,30,5000000,2022-05-12
C0120,Mercados La Sabana Express S.A.S.,Institucional,Cartagena,Caribe,V17,45,5000000,2018-02-10
C0121,Supermercado Primavera S.A.S.,Grandes superficies,Pereira,Antioquia y Eje Cafetero,V21,60,64000000,2019-03-02
C0122,Mercados Primavera Mayorista S.A.S.,Minoristas,Barranquilla,Caribe,V03,30,5000000,2021-07-02
C0123,Droguería Central S.A.S.,Minoristas,Barranquilla,Caribe,V03,30,5000000,2024-09-11
C0124,Inversiones Del Norte & Cía S.A.S.,Minoristas,Bogotá,Centro,V18,30,5000000,2020-01-30
C0125,Comercializadora Caribe Hermanos S.A.S.,Minoristas,Medellín,Antioquia y Eje Cafetero,V08,30,5000000,2019-01-26
C0126,Tiendas La Montaña Mayorista S.A.S.,Minoristas,Bucaramanga,Oriente,V09,30,5000000,2018-06-17
C0127,Droguería Los Andes Hermanos S.A.S.,Institucional,Medellín,Antioquia y Eje Cafetero,V12,45,7000000,2025-03-11
C0128,Distribuciones La 70 Mayorista S.A.S.,Institucional,Bogotá,Centro,V10,45,5000000,2022-08-02
C0129,Supermercado El Prado Hermanos S.A.S.,Mayoristas,Bogotá,Centro,V23,45,15000000,2023-04-10
C0130,Tiendas La Esperanza & Cía S.A.S.,Minoristas,Bogotá,Centro,V10,30,5000000,2018-05-03
C0131,Grupo Laureles Hermanos S.A.S.,Minoristas,Cali,Occidente,V15,30,5000000,2021-06-18
C0132,Grupo Del Norte Express S.A.S.,Minoristas,Pereira,Antioquia y Eje Cafetero,V21,30,5000000,2022-08-29
C0133,Almacenes La Sabana & Cía S.A.S.,Minoristas,Medellín,Antioquia y Eje Cafetero,V21,30,5000000,2025-03-11
C0134,Ferretería La 70 Mayorista S.A.S.,Minoristas,Bucaramanga,Oriente,V19,30,5000000,2025-02-13
C0135,Supermercado Monserrate & Cía S.A.S.,Minoristas,Bogotá,Centro,V25,30,5000000,2024-10-28
C0136,Droguería Boyacá & Cía S.A.S.,Minoristas,Bucaramanga,Oriente,V22,30,5000000,2021-01-30
C0137,Grupo Primavera Plus S.A.S.,Minoristas,Pereira,Antioquia y Eje Cafetero,V24,30,5000000,2021-03-09
C0138,Almacenes La 70 & Cía S.A.S.,Minoristas,Medellín,Antioquia y Eje Cafetero,V24,30,5000000,2022-11-06
C0139,Almacenes Caribe S.A.S.,Institucional,Medellín,Antioquia y Eje Cafetero,V21,45,5000000,2025-05-13
C0140,Comercializadora La Esperanza del Sur S.A.S.,Minoristas,Pereira,Antioquia y Eje Cafetero,V24,30,5000000,2018-01-26
C0141,Droguería La 70 & Cía S.A.S.,Mayoristas,Bogotá,Centro,V02,45,27000000,2020-12-27
C0142,Supermercado La Candelaria & Cía S.A.S.,Minoristas,Pereira,Antioquia y Eje Cafetero,V05,30,5000000,2020-08-18
C0143,Mercados Los Andes Express S.A.S.,Minoristas,Pereira,Antioquia y Eje Cafetero,V21,30,5000000,2024-10-14
C0144,Tiendas Central Mayorista S.A.S.,Grandes superficies,Cartagena,Caribe,V17,60,56000000,2018-10-26
C0145,Grupo La 70 & Cía S.A.S.,Minoristas,Pereira,Antioquia y Eje Cafetero,V05,30,5000000,2019-09-07
C0146,Tiendas San José Mayorista S.A.S.,Minoristas,Cali,Occidente,V07,30,5000000,2019-11-17
C0147,Tiendas El Prado Hermanos S.A.S.,Mayoristas,Barranquilla,Caribe,V17,45,18000000,2018-11-12
C0148,Tiendas La Sabana Hermanos S.A.S.,Mayoristas,Cali,Occidente,V07,45,22000000,2018-03-09
C0149,Inversiones Santa Fe & Cía S.A.S.,Grandes superficies,Medellín,Antioquia y Eje Cafetero,V24,60,31000000,2021-06-15
C0150,Ferretería El Roble del Sur S.A.S.,Mayoristas,Cartagena,Caribe,V20,45,26000000,2021-08-20
C0151,Supermercado Boyacá & Cía S.A.S.,Institucional,Bogotá,Centro,V04,45,5000000,2018-02-20
C0152,Supermercado La Candelaria del Sur S.A.S.,Minoristas,Bogotá,Centro,V13,30,5000000,2023-09-30
C0153,Supermercado La Montaña Express S.A.S.,Institucional,Pereira,Antioquia y Eje Cafetero,V12,45,11000000,2020-03-26
C0154,Grupo Caribe del Sur S.A.S.,Mayoristas,Cartagena,Caribe,V16,45,14000000,2023-05-30
C0155,Mercados La Sabana del Sur S.A.S.,Minoristas,Bogotá,Centro,V18,30,5000000,2024-08-24
C0156,Distribuciones El Roble & Cía S.A.S.,Minoristas,Cartagena,Caribe,V01,30,5000000,2025-04-10
C0157,Droguería La Candelaria Plus S.A.S.,Minoristas,Bucaramanga,Oriente,V19,30,5000000,2023-03-12
C0158,Inversiones Laureles Hermanos S.A.S.,Minoristas,Barranquilla,Caribe,V17,30,5000000,2024-08-31
C0159,Comercializadora El Poblado Mayorista S.A.S.,Minoristas,Cali,Occidente,V07,30,5000000,2021-06-29
C0160,Supermercado del Valle S.A.S.,Minoristas,Medellín,Antioquia y Eje Cafetero,V24,30,5000000,2023-03-24
C0161,Comercializadora El Prado & Cía S.A.S.,Mayoristas,Bogotá,Centro,V02,45,18000000,2023-12-13
C0162,Ferretería La Sabana & Cía S.A.S.,Minoristas,Medellín,Antioquia y Eje Cafetero,V21,30,5000000,2023-08-15
C0163,Mercados El Roble S.A.S.,Minoristas,Medellín,Antioquia y Eje Cafetero,V21,30,5000000,2021-12-22
C0164,Almacenes El Poblado Plus S.A.S.,Mayoristas,Bogotá,Centro,V23,45,55000000,2022-04-23
C0165,Comercializadora Santa Fe S.A.S.,Minoristas,Bogotá,Centro,V18,30,5000000,2023-07-22
C0166,Comercializadora Monserrate Plus S.A.S.,Mayoristas,Bogotá,Centro,V02,45,15000000,2018-02-17
C0167,Distribuciones Santa Fe Mayorista S.A.S.,Minoristas,Medellín,Antioquia y Eje Cafetero,V08,30,5000000,2025-05-22
C0168,Inversiones El Poblado del Sur S.A.S.,Minoristas,Barranquilla,Caribe,V03,30,5000000,2023-08-28
C0169,Droguería Laureles Plus S.A.S.,Minoristas,Cali,Occidente,V07,30,5000000,2024-12-19
C0170,Distribuciones Central Plus S.A.S.,Minoristas,Cali,Occidente,V07,30,5000000,2022-07-17
C0171,Mercados Monserrate S.A.S.,Minoristas,Bucaramanga,Oriente,V19,30,5000000,2022-08-04
C0172,Tiendas El Poblado Plus S.A.S.,Institucional,Bucaramanga,Oriente,V22,45,5000000,2024-11-24
C0173,Comercializadora Los Andes del Sur S.A.S.,Minoristas,Medellín,Antioquia y Eje Cafetero,V08,30,5000000,2021-03-28
C0174,Mercados Laureles Hermanos S.A.S.,Minoristas,Cali,Occidente,V06,30,5000000,2019-05-19
C0175,Ferretería El Prado Mayorista S.A.S.,Mayoristas,Pereira,Antioquia y Eje Cafetero,V12,45,38000000,2021-05-19
C0176,Ferretería San José Plus S.A.S.,Minoristas,Bogotá,Centro,V04,30,5000000,2024-11-21
C0177,Grupo Del Norte del Sur S.A.S.,Minoristas,Cali,Occidente,V15,30,5000000,2019-10-20
C0178,Comercializadora La 70 Express S.A.S.,Minoristas,Barranquilla,Caribe,V20,30,5000000,2019-03-16
C0179,Comercializadora La Sabana del Sur S.A.S.,Mayoristas,Medellín,Antioquia y Eje Cafetero,V14,45,23000000,2022-03-16
C0180,Ferretería La Esperanza Mayorista S.A.S.,Mayoristas,Barranquilla,Caribe,V01,45,24000000,2018-06-23
C0181,Comercializadora Monserrate & Cía S.A.S.,Minoristas,Bucaramanga,Oriente,V22,30,5000000,2022-07-28
C0182,Inversiones Boyacá del Sur S.A.S.,Minoristas,Barranquilla,Caribe,V17,30,5000000,2022-09-05
C0183,Mercados La 70 del Sur S.A.S.,Minoristas,Cali,Occidente,V11,30,5000000,2020-08-20
C0184,Mercados Santa Fe Mayorista S.A.S.,Mayoristas,Barranquilla,Caribe,V16,45,26000000,2020-05-25
C0185,Grupo La 70 Plus S.A.S.,Mayoristas,Barranquilla,Caribe,V17,45,35000000,2019-06-17
C0186,Distribuciones La Esperanza & Cía S.A.S.,Minoristas,Medellín,Antioquia y Eje Cafetero,V24,30,5000000,2021-12-09
C0187,Ferretería Monserrate Plus S.A.S.,Minoristas,Bogotá,Centro,V04,30,5000000,2018-02-14
C0188,Inversiones La 70 Express S.A.S.,Institucional,Cartagena,Caribe,V01,45,5000000,2020-10-15
C0189,Inversiones El Prado Express S.A.S.,Minoristas,Medellín,Antioquia y Eje Cafetero,V12,30,5000000,2018-09-19
C0190,Droguería Caribe & Cía S.A.S.,Minoristas,Medellín,Antioquia y Eje Cafetero,V21,30,5000000,2019-05-03
C0191,Ferretería Del Norte del Sur S.A.S.,Minoristas,Bogotá,Centro,V13,30,5000000,2019-10-24
C0192,Almacenes Primavera del Sur S.A.S.,Grandes superficies,Medellín,Antioquia y Eje Cafetero,V24,60,67000000,2024-05-02
C0193,Supermercado Andina & Cía S.A.S.,Minoristas,Cali,Occidente,V07,30,5000000,2021-04-09
C0194,Tiendas del Valle Express S.A.S.,Minoristas,Medellín,Antioquia y Eje Cafetero,V21,30,5000000,2023-12-07
C0195,Ferretería La Sabana Express S.A.S.,Minoristas,Medellín,Antioquia y Eje Cafetero,V21,30,5000000,2024-03-17
C0196,Droguería Del Norte del Sur S.A.S.,Institucional,Bogotá,Centro,V10,45,5000000,2020-02-13
C0197,Mercados La Sabana Mayorista S.A.S.,Institucional,Cartagena,Caribe,V17,45,5000000,2019-01-24
C0198,Mercados El Roble Hermanos S.A.S.,Minoristas,Bogotá,Centro,V25,30,5000000,2020-06-20
C0199,Almacenes del Valle Mayorista S.A.S.,Mayoristas,Pereira,Antioquia y Eje Cafetero,V21,45,22000000,2022-11-15
C0200,Comercializadora El Roble Plus S.A.S.,Mayoristas,Bogotá,Centro,V23,45,34000000,2023-08-30
C0201,Comercializadora La Esperanza Mayorista S.A.S.,Minoristas,Medellín,Antioquia y Eje Cafetero,V14,30,5000000,2023-12-06
C0202,Supermercado El Roble del Sur S.A.S.,Mayoristas,Bucaramanga,Oriente,V22,45,26000000,2021-05-15
C0203,Almacenes La Montaña S.A.S.,Minoristas,Barranquilla,Caribe,V17,30,5000000,2021-02-02
C0204,Inversiones Monserrate del Sur S.A.S.,Institucional,Barranquilla,Caribe,V03,45,5000000,2023-03-07
C0205,Distribuciones Laureles S.A.S.,Minoristas,Bogotá,Centro,V25,30,5000000,2023-04-08
C0206,Droguería El Poblado Hermanos S.A.S.,Minoristas,Pereira,Antioquia y Eje Cafetero,V21,30,5000000,2024-10-12
C0207,Distribuciones Primavera Mayorista S.A.S.,Minoristas,Cali,Occidente,V07,30,5000000,2023-05-14
C0208,Mercados Primavera Plus S.A.S.,Minoristas,Cartagena,Caribe,V20,30,5000000,2024-03-09
C0209,Droguería La Montaña S.A.S.,Minoristas,Cartagena,Caribe,V16,30,5000000,2021-08-06
C0210,Grupo San José Mayorista S.A.S.,Minoristas,Barranquilla,Caribe,V17,30,5000000,2022-06-02
C0211,Tiendas del Valle Plus S.A.S.,Minoristas,Bucaramanga,Oriente,V09,30,5000000,2019-08-28
C0212,Supermercado San José Plus S.A.S.,Minoristas,Cartagena,Caribe,V03,30,5000000,2023-10-29
C0213,Almacenes La 70 del Sur S.A.S.,Mayoristas,Barranquilla,Caribe,V20,45,9000000,2022-11-08
C0214,Distribuciones La Montaña Hermanos S.A.S.,Minoristas,Cali,Occidente,V15,30,5000000,2019-05-16
C0215,Tiendas Primavera Plus S.A.S.,Mayoristas,Cali,Occidente,V07,45,22000000,2021-02-22
C0216,Comercializadora La Sabana Mayorista S.A.S.,Minoristas,Cali,Occidente,V06,30,5000000,2024-03-26
C0217,Droguería El Prado S.A.S.,Institucional,Cali,Occidente,V06,45,5000000,2023-03-09
C0218,Grupo Del Norte Plus S.A.S.,Mayoristas,Cali,Occidente,V07,45,31000000,2019-11-03
C0219,Almacenes Andina del Sur S.A.S.,Minoristas,Bogotá,Centro,V18,30,5000000,2024-02-21
C0220,Grupo El Roble del Sur S.A.S.,Minoristas,Bogotá,Centro,V25,30,5000000,2021-02-16
C0221,Droguería Primavera Hermanos S.A.S.,Minoristas,Medellín,Antioquia y Eje Cafetero,V05,30,5000000,2022-10-10
C0222,Almacenes Central del Sur S.A.S.,Minoristas,Medellín,Antioquia y Eje Cafetero,V14,30,5000000,2022-07-03
C0223,Comercializadora del Valle Plus S.A.S.,Mayoristas,Barranquilla,Caribe,V16,45,25000000,2019-04-26
C0224,Mercados La 70 Plus S.A.S.,Minoristas,Cartagena,Caribe,V01,30,5000000,2020-05-26
C0225,Comercializadora Del Norte Express S.A.S.,Minoristas,Bogotá,Centro,V25,30,5000000,2024-09-28
C0226,Supermercado Laureles S.A.S.,Minoristas,Bucaramanga,Oriente,V19,30,5000000,2024-02-11
C0227,Distribuciones del Valle & Cía S.A.S.,Minoristas,Medellín,Antioquia y Eje Cafetero,V08,30,5000000,2018-09-23
C0228,Almacenes Laureles & Cía S.A.S.,Institucional,Barranquilla,Caribe,V20,45,5000000,2022-05-24
C0229,Tiendas Caribe Plus S.A.S.,Minoristas,Bogotá,Centro,V02,30,5000000,2023-08-01
C0230,Mercados San José Mayorista S.A.S.,Institucional,Cali,Occidente,V15,45,5000000,2025-01-08
C0231,Supermercado Andina del Sur S.A.S.,Institucional,Cali,Occidente,V06,45,5000000,2021-11-20
C0232,Inversiones Los Andes Plus S.A.S.,Minoristas,Bucaramanga,Oriente,V09,30,5000000,2020-01-24
C0233,Inversiones La Candelaria & Cía S.A.S.,Mayoristas,Bogotá,Centro,V13,45,38000000,2024-03-29
C0234,Almacenes La Esperanza Express S.A.S.,Minoristas,Cali,Occidente,V06,30,5000000,2023-03-07
C0235,Mercados Caribe S.A.S.,Minoristas,Pereira,Antioquia y Eje Cafetero,V08,30,5000000,2024-11-02
C0236,Mercados El Prado S.A.S.,Minoristas,Barranquilla,Caribe,V03,30,5000000,2019-02-20
C0237,Mercados Del Norte Hermanos S.A.S.,Mayoristas,Bogotá,Centro,V04,45,13000000,2021-05-09
C0238,Ferretería Boyacá & Cía S.A.S.,Institucional,Bucaramanga,Oriente,V09,45,5000000,2019-04-09
C0239,Almacenes El Prado Express S.A.S.,Minoristas,Bogotá,Centro,V02,30,5000000,2018-06-30
C0240,Grupo Los Andes Mayorista S.A.S.,Mayoristas,Bogotá,Centro,V04,45,13000000,2021-10-24
C0241,Inversiones La Candelaria Express S.A.S.,Minoristas,Bogotá,Centro,V10,30,5000000,2023-01-29
C0242,Mercados La Montaña Mayorista S.A.S.,Minoristas,Bucaramanga,Oriente,V09,30,5000000,2024-08-29
C0243,Ferretería Central Hermanos S.A.S.,Minoristas,Bucaramanga,Oriente,V22,30,5000000,2021-06-12
C0244,Inversiones Central del Sur S.A.S.,Minoristas,Pereira,Antioquia y Eje Cafetero,V21,30,5000000,2021-06-29
C0245,Grupo El Prado & Cía S.A.S.,Minoristas,Barranquilla,Caribe,V17,30,5000000,2022-01-26
C0246,Grupo El Poblado Hermanos S.A.S.,Institucional,Pereira,Antioquia y Eje Cafetero,V14,45,5000000,2022-02-15
C0247,Inversiones Laureles Plus S.A.S.,Minoristas,Pereira,Antioquia y Eje Cafetero,V14,30,5000000,2020-04-19
C0248,Ferretería La Esperanza Hermanos S.A.S.,Minoristas,Cali,Occidente,V06,30,5000000,2025-01-11
C0249,Supermercado Central & Cía S.A.S.,Minoristas,Cali,Occidente,V11,30,5000000,2024-02-05
C0250,Mercados Monserrate Hermanos S.A.S.,Mayoristas,Cartagena,Caribe,V20,45,27000000,2019-07-04
C0251,Supermercado El Prado Plus S.A.S.,Minoristas,Medellín,Antioquia y Eje Cafetero,V14,30,5000000,2025-02-19
C0252,Almacenes Caribe Express S.A.S.,Minoristas,Bogotá,Centro,V13,30,5000000,2024-03-21
C0253,Distribuciones Caribe & Cía S.A.S.,Minoristas,Cartagena,Caribe,V20,30,5000000,2022-10-13
C0254,Comercializadora del Valle Express S.A.S.,Minoristas,Bogotá,Centro,V04,30,5000000,2023-08-27
C0255,Comercializadora La Esperanza Hermanos S.A.S.,Minoristas,Cali,Occidente,V11,30,5000000,2023-04-08
C0256,Tiendas Santa Fe Plus S.A.S.,Minoristas,Pereira,Antioquia y Eje Cafetero,V14,30,5000000,2022-12-05
C0257,Grupo La 70 del Sur S.A.S.,Mayoristas,Barranquilla,Caribe,V16,45,17000000,2022-01-17
C0258,Distribuciones Central S.A.S.,Mayoristas,Cali,Occidente,V06,45,40000000,2020-10-21
C0259,Tiendas Del Norte S.A.S.,Minoristas,Medellín,Antioquia y Eje Cafetero,V05,30,5000000,2018-07-28
C0260,Droguería Laureles Express S.A.S.,Institucional,Bogotá,Centro,V02,45,5000000,2024-05-27
C0261,Almacenes Boyacá Express S.A.S.,Minoristas,Cali,Occidente,V07,30,5000000,2021-01-03
C0262,Comercializadora Los Andes & Cía S.A.S.,Minoristas,Barranquilla,Caribe,V17,30,5000000,2025-03-03
C0263,Tiendas Monserrate del Sur S.A.S.,Minoristas,Cali,Occidente,V11,30,5000000,2024-11-26
C0264,Almacenes La Sabana Express S.A.S.,Mayoristas,Barranquilla,Caribe,V03,45,12000000,2020-11-06
C0265,Ferretería La Esperanza & Cía S.A.S.,Minoristas,Cartagena,Caribe,V17,30,5000000,2023-12-19
C0266,Comercializadora La Candelaria Hermanos S.A.S.,Institucional,Cali,Occidente,V11,45,5000000,2021-01-31
C0267,Droguería Primavera Plus S.A.S.,Minoristas,Barranquilla,Caribe,V16,30,5000000,2021-07-04
C0268,Mercados El Roble Mayorista S.A.S.,Minoristas,Bucaramanga,Oriente,V19,30,5000000,2023-06-11
C0269,Inversiones La Montaña del Sur S.A.S.,Minoristas,Cali,Occidente,V11,30,5000000,2024-11-16
C0270,Droguería Los Andes S.A.S.,Minoristas,Medellín,Antioquia y Eje Cafetero,V24,30,5000000,2021-11-17
C0271,Tiendas El Poblado Mayorista S.A.S.,Minoristas,Bucaramanga,Oriente,V09,30,5000000,2024-04-12
C0272,Inversiones Los Andes & Cía S.A.S.,Minoristas,Bucaramanga,Oriente,V09,30,5000000,2019-07-12
C0273,Mercados Santa Fe Hermanos S.A.S.,Minoristas,Cartagena,Caribe,V20,30,5000000,2020-07-17
C0274,Comercializadora La Esperanza S.A.S.,Minoristas,Bogotá,Centro,V25,30,5000000,2024-07-31
C0275,Tiendas El Roble Plus S.A.S.,Minoristas,Medellín,Antioquia y Eje Cafetero,V24,30,5000000,2024-12-29
C0276,Supermercado del Valle Plus S.A.S.,Minoristas,Bogotá,Centro,V18,30,5000000,2022-12-30
C0277,Supermercado Los Andes Hermanos S.A.S.,Minoristas,Medellín,Antioquia y Eje Cafetero,V14,30,5000000,2019-11-17
C0278,Ferretería Primavera S.A.S.,Minoristas,Medellín,Antioquia y Eje Cafetero,V24,30,5000000,2021-04-05
C0279,Comercializadora del Valle & Cía S.A.S.,Mayoristas,Bogotá,Centro,V13,45,50000000,2021-12-09
C0280,Grupo Andina Mayorista S.A.S.,Minoristas,Cartagena,Caribe,V01,30,5000000,2021-01-17
C0281,Mercados La Candelaria & Cía S.A.S.,Minoristas,Barranquilla,Caribe,V16,30,5000000,2022-01-31
C0282,Tiendas Santa Fe & Cía S.A.S.,Minoristas,Medellín,Antioquia y Eje Cafetero,V08,30,5000000,2022-08-30
C0283,Distribuciones Caribe del Sur S.A.S.,Minoristas,Bucaramanga,Oriente,V09,30,5000000,2019-04-04
C0284,Distribuciones La Montaña Mayorista S.A.S.,Minoristas,Bogotá,Centro,V02,30,5000000,2020-04-14
C0285,Ferretería Central del Sur S.A.S.,Institucional,Medellín,Antioquia y Eje Cafetero,V05,45,5000000,2023-08-21
C0286,Tiendas La Montaña Express S.A.S.,Institucional,Barranquilla,Caribe,V20,45,5000000,2022-07-31
C0287,Supermercado Primavera del Sur S.A.S.,Institucional,Barranquilla,Caribe,V20,45,5000000,2018-10-08
C0288,Almacenes El Poblado Hermanos S.A.S.,Institucional,Bucaramanga,Oriente,V09,45,5000000,2018-11-12
C0289,Mercados La Montaña del Sur S.A.S.,Institucional,Medellín,Antioquia y Eje Cafetero,V08,45,5000000,2021-12-03
C0290,Supermercado Boyacá Plus S.A.S.,Institucional,Bogotá,Centro,V04,45,9000000,2020-11-22
C0291,Distribuciones Andina Mayorista S.A.S.,Institucional,Medellín,Antioquia y Eje Cafetero,V08,45,5000000,2020-06-16
C0292,Supermercado Caribe Mayorista S.A.S.,Minoristas,Barranquilla,Caribe,V16,30,5000000,2023-12-21
C0293,Distribuciones Del Norte del Sur S.A.S.,Mayoristas,Bucaramanga,Oriente,V19,45,30000000,2023-01-15
C0294,Grupo El Roble Express S.A.S.,Institucional,Pereira,Antioquia y Eje Cafetero,V24,45,5000000,2019-01-10
C0295,Supermercado Del Norte & Cía S.A.S.,Minoristas,Cartagena,Caribe,V20,30,5000000,2018-03-20
C0296,Grupo La Sabana S.A.S.,Institucional,Medellín,Antioquia y Eje Cafetero,V14,45,5000000,2023-03-07
C0297,Mercados La Esperanza Mayorista S.A.S.,Institucional,Bucaramanga,Oriente,V09,45,7000000,2023-12-12
C0298,Comercializadora La 70 del Sur S.A.S.,Minoristas,Cartagena,Caribe,V01,30,5000000,2023-04-12
C0299,Mercados Del Norte & Cía S.A.S.,Minoristas,Bogotá,Centro,V04,30,5000000,2023-06-21
C0300,Comercializadora Laureles Mayorista S.A.S.,Minoristas,Bogotá,Centro,V10,30,5000000,2023-06-25
C0301,Supermercado Boyacá Hermanos S.A.S.,Minoristas,Bogotá,Centro,V04,30,5000000,2021-09-13
C0302,Inversiones El Roble S.A.S.,Mayoristas,Barranquilla,Caribe,V17,45,21000000,2018-03-29
C0303,Inversiones Santa Fe Plus S.A.S.,Institucional,Bucaramanga,Oriente,V19,45,7000000,2020-07-17
C0304,Grupo El Prado Express S.A.S.,Minoristas,Bogotá,Centro,V13,30,5000000,2024-02-10
C0305,Tiendas San José S.A.S.,Institucional,Cartagena,Caribe,V16,45,8000000,2021-05-10
C0306,Ferretería El Roble Express S.A.S.,Minoristas,Bogotá,Centro,V04,30,5000000,2019-12-04
C0307,Distribuciones Del Norte Plus S.A.S.,Institucional,Barranquilla,Caribe,V03,45,5000000,2022-10-09
C0308,Distribuciones La Montaña & Cía S.A.S.,Mayoristas,Bogotá,Centro,V10,45,25000000,2019-04-14
C0309,Grupo La Candelaria del Sur S.A.S.,Minoristas,Barranquilla,Caribe,V16,30,5000000,2019-02-13
C0310,Tiendas Central Plus S.A.S.,Institucional,Bogotá,Centro,V10,45,5000000,2018-10-08
C0311,Comercializadora El Roble Hermanos S.A.S.,Minoristas,Cali,Occidente,V15,30,5000000,2024-06-18
C0312,Mercados Santa Fe S.A.S.,Mayoristas,Medellín,Antioquia y Eje Cafetero,V05,45,14000000,2022-05-31
C0313,Tiendas Caribe Mayorista S.A.S.,Institucional,Cali,Occidente,V07,45,5000000,2019-09-04
C0314,Inversiones del Valle & Cía S.A.S.,Minoristas,Pereira,Antioquia y Eje Cafetero,V14,30,5000000,2023-04-23
C0315,Comercializadora La Montaña Hermanos S.A.S.,Minoristas,Medellín,Antioquia y Eje Cafetero,V05,30,5000000,2018-07-20
C0316,Ferretería Laureles Hermanos S.A.S.,Institucional,Cartagena,Caribe,V20,45,5000000,2022-09-18
C0317,Almacenes San José Plus S.A.S.,Minoristas,Medellín,Antioquia y Eje Cafetero,V12,30,5000000,2021-07-24
C0318,Ferretería del Valle Express S.A.S.,Institucional,Medellín,Antioquia y Eje Cafetero,V08,45,9000000,2024-10-28
C0319,Comercializadora Boyacá Express S.A.S.,Minoristas,Bogotá,Centro,V25,30,5000000,2021-12-09
C0320,Grupo El Roble Plus S.A.S.,Mayoristas,Bogotá,Centro,V23,45,21000000,2020-11-08
C0321,Supermercado Santa Fe S.A.S.,Minoristas,Bogotá,Centro,V10,30,5000000,2022-07-12
C0322,Distribuciones Laureles Mayorista S.A.S.,Minoristas,Bucaramanga,Oriente,V19,30,5000000,2018-10-07
C0323,Droguería La Candelaria Mayorista S.A.S.,Minoristas,Bogotá,Centro,V02,30,5000000,2021-11-22
C0324,Distribuciones Central del Sur S.A.S.,Grandes superficies,Cali,Occidente,V07,60,65000000,2020-02-27
C0325,Mercados Laureles del Sur S.A.S.,Minoristas,Cali,Occidente,V06,30,5000000,2019-11-20
C0326,Almacenes del Valle Express S.A.S.,Minoristas,Cali,Occidente,V11,30,5000000,2019-06-18
C0327,Almacenes del Valle Plus S.A.S.,Mayoristas,Medellín,Antioquia y Eje Cafetero,V08,45,8000000,2021-06-01
C0328,Comercializadora Monserrate S.A.S.,Minoristas,Bogotá,Centro,V04,30,5000000,2023-05-01
C0329,Almacenes El Roble Express S.A.S.,Minoristas,Bogotá,Centro,V10,30,5000000,2019-06-20
C0330,Grupo La Candelaria Express S.A.S.,Minoristas,Barranquilla,Caribe,V03,30,5000000,2023-09-20
C0331,Distribuciones La Sabana del Sur S.A.S.,Minoristas,Pereira,Antioquia y Eje Cafetero,V24,30,5000000,2022-06-23
C0332,Comercializadora Monserrate Mayorista S.A.S.,Minoristas,Medellín,Antioquia y Eje Cafetero,V21,30,5000000,2021-07-20
C0333,Comercializadora Andina Mayorista S.A.S.,Mayoristas,Medellín,Antioquia y Eje Cafetero,V21,45,18000000,2024-07-19
C0334,Distribuciones El Prado Hermanos S.A.S.,Minoristas,Bucaramanga,Oriente,V19,30,5000000,2019-12-10
C0335,Comercializadora El Roble S.A.S.,Minoristas,Bogotá,Centro,V18,30,5000000,2018-07-10
C0336,Inversiones Primavera & Cía S.A.S.,Mayoristas,Cali,Occidente,V15,45,29000000,2021-05-16
C0337,Almacenes Boyacá del Sur S.A.S.,Minoristas,Cartagena,Caribe,V03,30,5000000,2018-07-18
C0338,Mercados La Candelaria Express S.A.S.,Minoristas,Medellín,Antioquia y Eje Cafetero,V08,30,5000000,2022-12-12
C0339,Distribuciones Primavera Plus S.A.S.,Minoristas,Medellín,Antioquia y Eje Cafetero,V08,30,5000000,2019-02-27
C0340,Almacenes La 70 Hermanos S.A.S.,Minoristas,Medellín,Antioquia y Eje Cafetero,V08,30,5000000,2019-04-04
C0341,Grupo Laureles del Sur S.A.S.,Minoristas,Cali,Occidente,V06,30,5000000,2024-11-14
C0342,Comercializadora Andina & Cía S.A.S.,Minoristas,Pereira,Antioquia y Eje Cafetero,V14,30,5000000,2021-11-15
C0343,Almacenes Laureles Hermanos S.A.S.,Minoristas,Barranquilla,Caribe,V03,30,5000000,2022-04-30
C0344,Almacenes La Esperanza & Cía S.A.S.,Minoristas,Medellín,Antioquia y Eje Cafetero,V21,30,5000000,2019-10-02
C0345,Almacenes Laureles Plus S.A.S.,Minoristas,Medellín,Antioquia y Eje Cafetero,V21,30,5000000,2022-04-30
C0346,Grupo Boyacá Express S.A.S.,Minoristas,Cali,Occidente,V15,30,5000000,2023-09-01
C0347,Comercializadora La Montaña & Cía S.A.S.,Minoristas,Cali,Occidente,V07,30,5000000,2022-03-30
C0348,Tiendas Del Norte del Sur S.A.S.,Mayoristas,Bogotá,Centro,V04,45,55000000,2021-11-20
C0349,Comercializadora Central Plus S.A.S.,Institucional,Cali,Occidente,V11,45,5000000,2020-05-25
C0350,Tiendas Del Norte Hermanos S.A.S.,Minoristas,Barranquilla,Caribe,V01,30,5000000,2021-08-06
C0351,Almacenes Del Norte Plus S.A.S.,Institucional,Bogotá,Centro,V02,45,5000000,2019-03-22
C0352,Droguería Primavera S.A.S.,Mayoristas,Barranquilla,Caribe,V03,45,16000000,2021-10-23
C0353,Inversiones La Esperanza Hermanos S.A.S.,Mayoristas,Bogotá,Centro,V10,45,38000000,2020-09-15
C0354,Ferretería La 70 Plus S.A.S.,Institucional,Bogotá,Centro,V10,45,8000000,2020-07-17
C0355,Tiendas La 70 & Cía S.A.S.,Minoristas,Cali,Occidente,V15,30,5000000,2020-11-18
C0356,Mercados El Prado del Sur S.A.S.,Institucional,Bucaramanga,Oriente,V09,45,5000000,2024-04-25
C0357,Droguería El Poblado Plus S.A.S.,Minoristas,Cali,Occidente,V15,30,5000000,2024-01-21
C0358,Inversiones Del Norte Hermanos S.A.S.,Minoristas,Cali,Occidente,V06,30,5000000,2018-03-01
C0359,Ferretería Caribe del Sur S.A.S.,Minoristas,Bogotá,Centro,V25,30,5000000,2022-07-25
C0360,Droguería Santa Fe del Sur S.A.S.,Minoristas,Cali,Occidente,V11,30,5000000,2019-12-24
C0361,Tiendas La 70 Express S.A.S.,Minoristas,Medellín,Antioquia y Eje Cafetero,V24,30,5000000,2019-11-08
C0362,Supermercado La Montaña Hermanos S.A.S.,Minoristas,Bogotá,Centro,V10,30,5000000,2020-04-24
C0363,Droguería Del Norte Mayorista S.A.S.,Minoristas,Barranquilla,Caribe,V17,30,5000000,2020-08-29
C0364,Tiendas Caribe S.A.S.,Minoristas,Bogotá,Centro,V25,30,5000000,2019-05-06
C0365,Supermercado La Esperanza & Cía S.A.S.,Grandes superficies,Medellín,Antioquia y Eje Cafetero,V12,60,71000000,2022-12-26
C0366,Supermercado Santa Fe Hermanos S.A.S.,Minoristas,Medellín,Antioquia y Eje Cafetero,V14,30,5000000,2023-01-29
C0367,Tiendas Caribe Hermanos S.A.S.,Minoristas,Barranquilla,Caribe,V20,30,5000000,2024-10-16
C0368,Tiendas Primavera Mayorista S.A.S.,Institucional,Pereira,Antioquia y Eje Cafetero,V05,45,6000000,2018-03-11
C0369,Droguería Andina Express S.A.S.,Minoristas,Bucaramanga,Oriente,V19,30,5000000,2018-09-15
C0370,Mercados Caribe Mayorista S.A.S.,Minoristas,Bogotá,Centro,V23,30,5000000,2022-07-07
C0371,Inversiones El Poblado Mayorista S.A.S.,Institucional,Bogotá,Centro,V02,45,5000000,2021-05-08
C0372,Droguería Laureles Mayorista S.A.S.,Minoristas,Medellín,Antioquia y Eje Cafetero,V08,30,5000000,2023-06-25
C0373,Mercados Laureles & Cía S.A.S.,Minoristas,Medellín,Antioquia y Eje Cafetero,V24,30,5000000,2021-09-17
C0374,Tiendas La Sabana Express S.A.S.,Institucional,Barranquilla,Caribe,V16,45,10000000,2020-01-16
C0375,Droguería La Esperanza Plus S.A.S.,Minoristas,Cali,Occidente,V07,30,5000000,2018-05-23
C0376,Ferretería Laureles S.A.S.,Mayoristas,Medellín,Antioquia y Eje Cafetero,V12,45,9000000,2020-01-12
C0377,Tiendas Los Andes & Cía S.A.S.,Minoristas,Cali,Occidente,V07,30,5000000,2018-02-19
C0378,Grupo Central Hermanos S.A.S.,Mayoristas,Medellín,Antioquia y Eje Cafetero,V05,45,27000000,2021-05-16
C0379,Droguería Santa Fe Mayorista S.A.S.,Minoristas,Bucaramanga,Oriente,V19,30,5000000,2020-04-21
C0380,Supermercado La 70 Hermanos S.A.S.,Institucional,Barranquilla,Caribe,V20,45,5000000,2020-07-03
C0381,Inversiones Los Andes Express S.A.S.,Minoristas,Bucaramanga,Oriente,V22,30,5000000,2024-02-20
C0382,Supermercado Santa Fe Plus S.A.S.,Mayoristas,Cartagena,Caribe,V03,45,42000000,2019-12-29
C0383,Ferretería Santa Fe Plus S.A.S.,Minoristas,Barranquilla,Caribe,V01,30,5000000,2024-06-30
C0384,Tiendas Los Andes Plus S.A.S.,Minoristas,Cali,Occidente,V11,30,5000000,2022-10-13
C0385,Mercados Del Norte Mayorista S.A.S.,Minoristas,Barranquilla,Caribe,V17,30,5000000,2022-11-01
C0386,Grupo Boyacá Mayorista S.A.S.,Minoristas,Cali,Occidente,V07,30,5000000,2020-01-11
C0387,Supermercado Monserrate Hermanos S.A.S.,Minoristas,Cartagena,Caribe,V16,30,5000000,2024-07-20
C0388,Distribuciones Boyacá Mayorista S.A.S.,Minoristas,Medellín,Antioquia y Eje Cafetero,V14,30,5000000,2023-02-20
C0389,Tiendas Santa Fe Hermanos S.A.S.,Mayoristas,Medellín,Antioquia y Eje Cafetero,V12,45,19000000,2023-10-20
C0390,Almacenes Boyacá S.A.S.,Minoristas,Bogotá,Centro,V23,30,5000000,2020-09-20
C0391,Almacenes Laureles Mayorista S.A.S.,Mayoristas,Cartagena,Caribe,V20,45,54000000,2018-12-07
C0392,Inversiones Los Andes Hermanos S.A.S.,Minoristas,Bogotá,Centro,V04,30,5000000,2024-03-25
C0393,Droguería Primavera & Cía S.A.S.,Minoristas,Pereira,Antioquia y Eje Cafetero,V05,30,5000000,2018-12-06
C0394,Almacenes La Esperanza Plus S.A.S.,Minoristas,Medellín,Antioquia y Eje Cafetero,V12,30,5000000,2025-01-02
C0395,Almacenes El Prado del Sur S.A.S.,Minoristas,Cartagena,Caribe,V16,30,5000000,2024-02-16
C0396,Almacenes San José Mayorista S.A.S.,Minoristas,Bogotá,Centro,V13,30,5000000,2023-06-17
C0397,Almacenes Laureles S.A.S.,Institucional,Bogotá,Centro,V13,45,5000000,2021-04-21
C0398,Distribuciones La 70 del Sur S.A.S.,Mayoristas,Bucaramanga,Oriente,V09,45,49000000,2020-08-05
C0399,Distribuciones Boyacá & Cía S.A.S.,Minoristas,Medellín,Antioquia y Eje Cafetero,V12,30,5000000,2021-11-28
C0400,Ferretería La Candelaria & Cía S.A.S.,Minoristas,Medellín,Antioquia y Eje Cafetero,V14,30,5000000,2022-06-14
C0401,Supermercado San José del Sur S.A.S.,Mayoristas,Bogotá,Centro,V23,45,28000000,2019-08-29
C0402,Distribuciones Primavera Express S.A.S.,Minoristas,Bogotá,Centro,V25,30,5000000,2023-10-02
C0403,Almacenes La Candelaria & Cía S.A.S.,Minoristas,Bucaramanga,Oriente,V09,30,5000000,2023-08-04
C0404,Droguería La 70 Hermanos S.A.S.,Institucional,Cali,Occidente,V15,45,5000000,2020-09-03
C0405,Supermercado Del Norte Mayorista S.A.S.,Mayoristas,Bucaramanga,Oriente,V09,45,8000000,2024-03-06
C0406,Grupo El Poblado Plus S.A.S.,Mayoristas,Medellín,Antioquia y Eje Cafetero,V14,45,37000000,2022-01-12
C0407,Ferretería La Montaña del Sur S.A.S.,Minoristas,Medellín,Antioquia y Eje Cafetero,V12,30,5000000,2019-09-16
C0408,Inversiones Andina & Cía S.A.S.,Minoristas,Pereira,Antioquia y Eje Cafetero,V08,30,5000000,2018-12-03
C0409,Tiendas Laureles Mayorista S.A.S.,Institucional,Pereira,Antioquia y Eje Cafetero,V12,45,5000000,2021-04-26
C0410,Ferretería del Valle del Sur S.A.S.,Minoristas,Cali,Occidente,V06,30,5000000,2021-08-06
C0411,Comercializadora San José Mayorista S.A.S.,Institucional,Barranquilla,Caribe,V16,45,5000000,2024-01-13
C0412,Almacenes Central S.A.S.,Minoristas,Bogotá,Centro,V25,30,5000000,2021-01-16
C0413,Inversiones Central Express S.A.S.,Institucional,Medellín,Antioquia y Eje Cafetero,V05,45,5000000,2021-11-16
C0414,Ferretería Andina Express S.A.S.,Institucional,Cali,Occidente,V11,45,5000000,2020-01-19
C0415,Distribuciones Caribe S.A.S.,Institucional,Medellín,Antioquia y Eje Cafetero,V12,45,7000000,2024-05-30
C0416,Ferretería La Candelaria Hermanos S.A.S.,Grandes superficies,Medellín,Antioquia y Eje Cafetero,V21,60,165000000,2019-09-06
C0417,Tiendas La Esperanza del Sur S.A.S.,Institucional,Barranquilla,Caribe,V16,45,7000000,2021-06-04
C0418,Mercados Caribe & Cía S.A.S.,Minoristas,Bogotá,Centro,V13,30,5000000,2018-11-19
C0419,Supermercado La Montaña S.A.S.,Mayoristas,Pereira,Antioquia y Eje Cafetero,V08,45,10000000,2023-08-13
C0420,Supermercado Boyacá S.A.S.,Mayoristas,Bogotá,Centro,V02,45,22000000,2018-08-28
C0421,Mercados San José Hermanos S.A.S.,Mayoristas,Barranquilla,Caribe,V17,45,11000000,2019-11-02
C0422,Almacenes San José Express S.A.S.,Minoristas,Medellín,Antioquia y Eje Cafetero,V14,30,5000000,2018-02-28
C0423,Droguería La Montaña del Sur S.A.S.,Mayoristas,Barranquilla,Caribe,V16,45,23000000,2019-07-21
C0424,Supermercado La Sabana Express S.A.S.,Minoristas,Medellín,Antioquia y Eje Cafetero,V14,30,5000000,2018-11-01
C0425,Tiendas Boyacá Mayorista S.A.S.,Mayoristas,Medellín,Antioquia y Eje Cafetero,V05,45,31000000,2021-11-07
C0426,Almacenes La Candelaria Plus S.A.S.,Mayoristas,Cali,Occidente,V06,45,17000000,2025-03-14
C0427,Grupo La Montaña Hermanos S.A.S.,Mayoristas,Cartagena,Caribe,V20,45,12000000,2022-03-22
C0428,Droguería Andina Mayorista S.A.S.,Mayoristas,Barranquilla,Caribe,V03,45,14000000,2019-04-15
C0429,Mercados La Esperanza S.A.S.,Institucional,Bogotá,Centro,V10,45,5000000,2019-10-02
C0430,Droguería El Poblado del Sur S.A.S.,Minoristas,Bogotá,Centro,V18,30,5000000,2020-11-14
C0431,Grupo La Esperanza S.A.S.,Minoristas,Bogotá,Centro,V18,30,5000000,2020-12-27
C0432,Tiendas Boyacá Express S.A.S.,Institucional,Medellín,Antioquia y Eje Cafetero,V05,45,5000000,2025-04-28
C0433,Supermercado Los Andes Plus S.A.S.,Minoristas,Bogotá,Centro,V13,30,5000000,2020-12-07
C0434,Supermercado Boyacá del Sur S.A.S.,Institucional,Cartagena,Caribe,V03,45,5000000,2020-12-23
C0435,Inversiones Santa Fe S.A.S.,Minoristas,Bogotá,Centro,V13,30,5000000,2022-12-30
C0436,Distribuciones Primavera & Cía S.A.S.,Minoristas,Medellín,Antioquia y Eje Cafetero,V08,30,5000000,2024-05-28
C0437,Droguería La Montaña Mayorista S.A.S.,Minoristas,Bogotá,Centro,V18,30,5000000,2018-06-12
C0438,Almacenes Monserrate Plus S.A.S.,Minoristas,Medellín,Antioquia y Eje Cafetero,V21,30,5000000,2019-12-14
C0439,Droguería Los Andes Mayorista S.A.S.,Mayoristas,Cali,Occidente,V07,45,14000000,2023-07-20
C0440,Almacenes El Prado S.A.S.,Mayoristas,Medellín,Antioquia y Eje Cafetero,V12,45,14000000,2025-01-28
C0441,Grupo Monserrate Hermanos S.A.S.,Institucional,Bogotá,Centro,V10,45,5000000,2020-02-14
C0442,Droguería del Valle & Cía S.A.S.,Minoristas,Barranquilla,Caribe,V17,30,5000000,2021-04-11
C0443,Droguería La Sabana Plus S.A.S.,Minoristas,Cartagena,Caribe,V03,30,5000000,2019-12-01
C0444,Droguería Del Norte Hermanos S.A.S.,Minoristas,Bogotá,Centro,V10,30,5000000,2022-11-28
C0445,Ferretería La Esperanza S.A.S.,Mayoristas,Bogotá,Centro,V18,45,44000000,2024-01-02
C0446,Ferretería Santa Fe del Sur S.A.S.,Minoristas,Barranquilla,Caribe,V16,30,5000000,2020-05-15
C0447,Droguería Caribe Plus S.A.S.,Mayoristas,Medellín,Antioquia y Eje Cafetero,V14,45,11000000,2018-10-07
C0448,Droguería La Sabana Hermanos S.A.S.,Minoristas,Bogotá,Centro,V02,30,5000000,2019-07-14
C0449,Mercados La Candelaria S.A.S.,Minoristas,Bogotá,Centro,V23,30,5000000,2021-07-06
C0450,Mercados Monserrate Plus S.A.S.,Minoristas,Cartagena,Caribe,V16,30,5000000,2019-06-19
C0451,Droguería San José Hermanos S.A.S.,Mayoristas,Barranquilla,Caribe,V01,45,13000000,2024-01-11
C0452,Comercializadora Central del Sur S.A.S.,Grandes superficies,Medellín,Antioquia y Eje Cafetero,V24,60,30000000,2019-10-02
C0453,Tiendas del Valle S.A.S.,Mayoristas,Bogotá,Centro,V10,45,39000000,2024-05-27
C0454,Distribuciones El Prado del Sur S.A.S.,Institucional,Pereira,Antioquia y Eje Cafetero,V21,45,7000000,2022-01-21
C0455,Inversiones La Esperanza Plus S.A.S.,Minoristas,Medellín,Antioquia y Eje Cafetero,V14,30,5000000,2023-10-15
C0456,Droguería del Valle Mayorista S.A.S.,Minoristas,Medellín,Antioquia y Eje Cafetero,V21,30,5000000,2022-03-02
C0457,Mercados La Esperanza del Sur S.A.S.,Minoristas,Bucaramanga,Oriente,V19,30,5000000,2020-08-14
C0458,Mercados Andina Mayorista S.A.S.,Mayoristas,Bucaramanga,Oriente,V22,45,32000000,2023-03-01
C0459,Supermercado Caribe Hermanos S.A.S.,Mayoristas,Bogotá,Centro,V25,45,25000000,2023-07-27
C0460,Tiendas La 70 Plus S.A.S.,Minoristas,Cali,Occidente,V06,30,5000000,2020-12-15
C0461,Distribuciones La Montaña del Sur S.A.S.,Minoristas,Medellín,Antioquia y Eje Cafetero,V24,30,5000000,2023-11-01
C0462,Droguería El Roble S.A.S.,Institucional,Cartagena,Caribe,V17,45,5000000,2019-01-01
C0463,Comercializadora La Montaña Plus S.A.S.,Minoristas,Medellín,Antioquia y Eje Cafetero,V05,30,5000000,2018-05-21
C0464,Almacenes El Prado Plus S.A.S.,Minoristas,Medellín,Antioquia y Eje Cafetero,V21,30,5000000,2022-08-04
C0465,Almacenes Boyacá Hermanos S.A.S.,Mayoristas,Cali,Occidente,V06,45,14000000,2018-09-28
C0466,Comercializadora Monserrate Hermanos S.A.S.,Minoristas,Pereira,Antioquia y Eje Cafetero,V14,30,5000000,2018-10-28
C0467,Comercializadora La Sabana Hermanos S.A.S.,Grandes superficies,Cali,Occidente,V06,60,36000000,2019-09-06
C0468,Inversiones La Candelaria Mayorista S.A.S.,Minoristas,Cali,Occidente,V15,30,5000000,2024-12-23
C0469,Grupo Central Mayorista S.A.S.,Minoristas,Bogotá,Centro,V10,30,5000000,2024-05-05
C0470,Tiendas La Candelaria Plus S.A.S.,Minoristas,Bogotá,Centro,V02,30,5000000,2023-08-15
C0471,Almacenes Boyacá & Cía S.A.S.,Minoristas,Bucaramanga,Oriente,V22,30,5000000,2025-03-20
C0472,Ferretería Caribe Hermanos S.A.S.,Mayoristas,Bogotá,Centro,V02,45,29000000,2022-03-28
C0473,Droguería Del Norte Express S.A.S.,Institucional,Cartagena,Caribe,V20,45,5000000,2019-01-29
C0474,Ferretería Laureles Mayorista S.A.S.,Minoristas,Cartagena,Caribe,V20,30,5000000,2018-10-26
C0475,Inversiones El Prado & Cía S.A.S.,Minoristas,Cali,Occidente,V06,30,5000000,2021-05-20
C0476,Supermercado El Prado S.A.S.,Minoristas,Medellín,Antioquia y Eje Cafetero,V12,30,5000000,2021-06-24
C0477,Supermercado Primavera Hermanos S.A.S.,Minoristas,Pereira,Antioquia y Eje Cafetero,V05,30,5000000,2021-05-15
C0478,Almacenes del Valle del Sur S.A.S.,Minoristas,Bucaramanga,Oriente,V22,30,5000000,2019-02-19
C0479,Ferretería La Montaña S.A.S.,Minoristas,Barranquilla,Caribe,V03,30,5000000,2019-10-23
C0480,Almacenes San José S.A.S.,Grandes superficies,Bogotá,Centro,V13,60,31000000,2025-03-30
C0481,Mercados Boyacá Mayorista S.A.S.,Minoristas,Cali,Occidente,V15,30,5000000,2020-08-03
C0482,Mercados Central Hermanos S.A.S.,Grandes superficies,Bucaramanga,Oriente,V19,60,55000000,2021-01-30
C0483,Almacenes La Sabana S.A.S.,Minoristas,Bogotá,Centro,V23,30,5000000,2023-03-24
C0484,Ferretería del Valle Hermanos S.A.S.,Minoristas,Bogotá,Centro,V23,30,5000000,2022-11-10
C0485,Comercializadora El Poblado Hermanos S.A.S.,Minoristas,Medellín,Antioquia y Eje Cafetero,V12,30,7000000,2022-12-06
C0486,Droguería La 70 del Sur S.A.S.,Minoristas,Bucaramanga,Oriente,V19,30,5000000,2018-11-08
C0487,Almacenes La Sabana Plus S.A.S.,Minoristas,Bogotá,Centro,V10,30,5000000,2020-08-20
C0488,Grupo Del Norte Mayorista S.A.S.,Minoristas,Barranquilla,Caribe,V01,30,5000000,2021-03-03
C0489,Comercializadora La Candelaria del Sur S.A.S.,Minoristas,Cali,Occidente,V11,30,5000000,2021-05-07
C0490,Comercializadora San José del Sur S.A.S.,Minoristas,Barranquilla,Caribe,V16,30,5000000,2019-03-19
C0491,Almacenes La Sabana Hermanos S.A.S.,Mayoristas,Bogotá,Centro,V23,45,48000000,2018-09-24
C0492,Tiendas La Esperanza Hermanos S.A.S.,Minoristas,Cartagena,Caribe,V03,30,5000000,2022-04-06
C0493,Inversiones Caribe & Cía S.A.S.,Mayoristas,Bogotá,Centro,V10,45,13000000,2024-02-02
C0494,Comercializadora Laureles Hermanos S.A.S.,Minoristas,Bucaramanga,Oriente,V22,30,5000000,2025-04-04
C0495,Inversiones del Valle Hermanos S.A.S.,Mayoristas,Bogotá,Centro,V25,45,34000000,2018-04-20
C0496,Comercializadora Santa Fe Plus S.A.S.,Mayoristas,Barranquilla,Caribe,V20,30,79000000,2021-03-24
C0497,Almacenes El Prado & Cía S.A.S.,Institucional,Medellín,Antioquia y Eje Cafetero,V14,45,12000000,2024-09-20
C0498,Tiendas San José Express S.A.S.,Institucional,Medellín,Antioquia y Eje Cafetero,V05,45,5000000,2023-03-29
C0499,Comercializadora El Poblado Plus S.A.S.,Minoristas,Pereira,Antioquia y Eje Cafetero,V14,30,5000000,2019-09-05
C0500,Mercados La Montaña & Cía S.A.S.,Mayoristas,Medellín,Antioquia y Eje Cafetero,V12,45,16000000,2018-08-28
