sku,proveedor_id,fecha_vigencia,costo_unitario
P0001,PR08,2025-10-01,30050.0
P0001,PR08,2025-11-01,29787.0
P0001,PR08,2025-12-01,30033.0
P0001,PR08,2026-01-01,30345.0
P0001,PR08,2026-02-01,30298.0
P0001,PR08,2026-03-01,30445.0
P0001,PR08,2026-04-01,30619.0
P0001,PR08,2026-05-01,30641.0
P0001,PR08,2026-06-01,30762.0
P0001,PR08,2026-07-01,30712.0
P0001,PR08,2026-08-01,30838.0
P0001,PR08,2026-08-15,38548.0
P0001,PR08,2026-09-01,38663.0
P0002,PR20,2025-10-01,13500.0
P0002,PR20,2025-11-01,13565.0
P0002,PR20,2025-12-01,13762.0
P0002,PR20,2026-01-01,13719.0
P0002,PR20,2026-02-01,13860.0
P0002,PR20,2026-03-01,13913.0
P0002,PR20,2026-04-01,13959.0
P0002,PR20,2026-05-01,13828.0
P0002,PR20,2026-06-01,13953.0
P0002,PR20,2026-07-01,13902.0
P0002,PR20,2026-08-01,13868.0
P0002,PR20,2026-09-01,13891.0
P0003,PR25,2025-10-01,9420.0
P0003,PR25,2025-11-01,9432.0
P0003,PR25,2025-12-01,9414.0
P0003,PR25,2026-01-01,9527.0
P0003,PR25,2026-02-01,9596.0
P0003,PR25,2026-03-01,9767.0
P0003,PR25,2026-04-01,9756.0
P0003,PR25,2026-05-01,9742.0
P0003,PR25,2026-06-01,9889.0
P0003,PR25,2026-07-01,9847.0
P0003,PR25,2026-08-01,9897.0
P0003,PR25,2026-09-01,9913.0
P0004,PR29,2025-10-01,24560.0
P0004,PR29,2025-11-01,24606.0
P0004,PR29,2025-12-01,24481.0
P0004,PR29,2026-01-01,24466.0
P0004,PR29,2026-02-01,24838.0
P0004,PR29,2026-03-01,24948.0
P0004,PR29,2026-04-01,25261.0
P0004,PR29,2026-05-01,25253.0
P0004,PR29,2026-06-01,25363.0
P0004,PR29,2026-07-01,25551.0
P0004,PR29,2026-08-01,25738.0
P0004,PR29,2026-09-01,25799.0
P0005,PR31,2025-10-01,26590.0
P0005,PR31,2025-11-01,26695.0
P0005,PR31,2025-12-01,26964.0
P0005,PR31,2026-01-01,27111.0
P0005,PR31,2026-02-01,26919.0
P0005,PR31,2026-03-01,26916.0
P0005,PR31,2026-04-01,26833.0
P0005,PR31,2026-05-01,26655.0
P0005,PR31,2026-06-01,26879.0
P0005,PR31,2026-07-01,27147.0
P0005,PR31,2026-08-01,27117.0
P0005,PR31,2026-09-01,27162.0
P0006,PR08,2025-10-01,9550.0
P0006,PR08,2025-11-01,9697.0
P0006,PR08,2025-12-01,9723.0
P0006,PR08,2026-01-01,9752.0
P0006,PR08,2026-02-01,9805.0
P0006,PR08,2026-03-01,9916.0
P0006,PR08,2026-04-01,9982.0
P0006,PR08,2026-05-01,10081.0
P0006,PR08,2026-06-01,10059.0
P0006,PR08,2026-07-01,10147.0
P0006,PR08,2026-08-01,10178.0
P0006,PR08,2026-08-15,12722.0
P0006,PR08,2026-09-01,12761.0
P0007,PR20,2025-10-01,49700.0
P0007,PR20,2025-11-01,50043.0
P0007,PR20,2025-12-01,50985.0
P0007,PR20,2026-01-01,51235.0
P0007,PR20,2026-02-01,51737.0
P0007,PR20,2026-03-01,51841.0
P0007,PR20,2026-04-01,51546.0
P0007,PR20,2026-05-01,51901.0
P0007,PR20,2026-06-01,51775.0
P0007,PR20,2026-07-01,51892.0
P0007,PR20,2026-08-01,52691.0
P0007,PR20,2026-09-01,52312.0
P0008,PR25,2025-10-01,23940.0
P0008,PR25,2025-11-01,24078.0
P0008,PR25,2025-12-01,24240.0
P0008,PR25,2026-01-01,24374.0
P0008,PR25,2026-02-01,24377.0
P0008,PR25,2026-03-01,24492.0
P0008,PR25,2026-04-01,24441.0
P0008,PR25,2026-05-01,24757.0
P0008,PR25,2026-06-01,24871.0
P0008,PR25,2026-07-01,25158.0
P0008,PR25,2026-08-01,25205.0
P0008,PR25,2026-09-01,25428.0
P0009,PR29,2025-10-01,30560.0
P0009,PR29,2025-11-01,30798.0
P0009,PR29,2025-12-01,30699.0
P0009,PR29,2026-01-01,31102.0
P0009,PR29,2026-02-01,31720.0
P0009,PR29,2026-03-01,32039.0
P0009,PR29,2026-04-01,31897.0
P0009,PR29,2026-05-01,31853.0
P0009,PR29,2026-06-01,31544.0
P0009,PR29,2026-07-01,31506.0
P0009,PR29,2026-08-01,31956.0
P0009,PR29,2026-09-01,32271.0
P0010,PR31,2025-10-01,8570.0
P0010,PR31,2025-11-01,8552.0
P0010,PR31,2025-12-01,8518.0
P0010,PR31,2026-01-01,8516.0
P0010,PR31,2026-02-01,8603.0
P0010,PR31,2026-03-01,8659.0
P0010,PR31,2026-04-01,8769.0
P0010,PR31,2026-05-01,8767.0
P0010,PR31,2026-06-01,8806.0
P0010,PR31,2026-07-01,8800.0
P0010,PR31,2026-08-01,8822.0
P0010,PR31,2026-09-01,8838.0
P0011,PR08,2025-10-01,14690.0
P0011,PR08,2025-11-01,14718.0
P0011,PR08,2025-12-01,14824.0
P0011,PR08,2026-01-01,14836.0
P0011,PR08,2026-02-01,14877.0
P0011,PR08,2026-03-01,14852.0
P0011,PR08,2026-04-01,15014.0
P0011,PR08,2026-05-01,15225.0
P0011,PR08,2026-06-01,15460.0
P0011,PR08,2026-07-01,15592.0
P0011,PR08,2026-08-01,15647.0
P0011,PR08,2026-08-15,19559.0
P0011,PR08,2026-09-01,19617.0
P0012,PR20,2025-10-01,11860.0
P0012,PR20,2025-11-01,11829.0
P0012,PR20,2025-12-01,11867.0
P0012,PR20,2026-01-01,11823.0
P0012,PR20,2026-02-01,11921.0
P0012,PR20,2026-03-01,11983.0
P0012,PR20,2026-04-01,11931.0
P0012,PR20,2026-05-01,11960.0
P0012,PR20,2026-06-01,12066.0
P0012,PR20,2026-07-01,12194.0
P0012,PR20,2026-08-01,12256.0
P0012,PR20,2026-09-01,12349.0
P0013,PR25,2025-10-01,42460.0
P0013,PR25,2025-11-01,42703.0
P0013,PR25,2025-12-01,42750.0
P0013,PR25,2026-01-01,42951.0
P0013,PR25,2026-02-01,43147.0
P0013,PR25,2026-03-01,43162.0
P0013,PR25,2026-04-01,43392.0
P0013,PR25,2026-05-01,43553.0
P0013,PR25,2026-06-01,43820.0
P0013,PR25,2026-07-01,43992.0
P0013,PR25,2026-08-01,44159.0
P0013,PR25,2026-09-01,43852.0
P0014,PR29,2025-10-01,17360.0
P0014,PR29,2025-11-01,17671.0
P0014,PR29,2025-12-01,17815.0
P0014,PR29,2026-01-01,17930.0
P0014,PR29,2026-02-01,18188.0
P0014,PR29,2026-03-01,18367.0
P0014,PR29,2026-04-01,18490.0
P0014,PR29,2026-05-01,18635.0
P0014,PR29,2026-06-01,18893.0
P0014,PR29,2026-07-01,18996.0
P0014,PR29,2026-08-01,18916.0
P0014,PR29,2026-09-01,18819.0
P0015,PR31,2025-10-01,12670.0
P0015,PR31,2025-11-01,12824.0
P0015,PR31,2025-12-01,12859.0
P0015,PR31,2026-01-01,12950.0
P0015,PR31,2026-02-01,12994.0
P0015,PR31,2026-03-01,13079.0
P0015,PR31,2026-04-01,13064.0
P0015,PR31,2026-05-01,13151.0
P0015,PR31,2026-06-01,13023.0
P0015,PR31,2026-07-01,13052.0
P0015,PR31,2026-08-01,12997.0
P0015,PR31,2026-09-01,13048.0
P0016,PR08,2025-10-01,44300.0
P0016,PR08,2025-11-01,44495.0
P0016,PR08,2025-12-01,44625.0
P0016,PR08,2026-01-01,44836.0
P0016,PR08,2026-02-01,44536.0
P0016,PR08,2026-03-01,44419.0
P0016,PR08,2026-04-01,44530.0
P0016,PR08,2026-05-01,44801.0
P0016,PR08,2026-06-01,45039.0
P0016,PR08,2026-07-01,44748.0
P0016,PR08,2026-08-01,45264.0
P0016,PR08,2026-09-01,45403.0
P0017,PR20,2025-10-01,19180.0
P0017,PR20,2025-11-01,19437.0
P0017,PR20,2025-12-01,19588.0
P0017,PR20,2026-01-01,19796.0
P0017,PR20,2026-02-01,19932.0
P0017,PR20,2026-03-01,19951.0
P0017,PR20,2026-04-01,19994.0
P0017,PR20,2026-05-01,20171.0
P0017,PR20,2026-06-01,20202.0
P0017,PR20,2026-07-01,20047.0
P0017,PR20,2026-08-01,20120.0
P0017,PR20,2026-09-01,20223.0
P0018,PR25,2025-10-01,14780.0
P0018,PR25,2025-11-01,14874.0
P0018,PR25,2025-12-01,14990.0
P0018,PR25,2026-01-01,15225.0
P0018,PR25,2026-02-01,15143.0
P0018,PR25,2026-03-01,15359.0
P0018,PR25,2026-04-01,15481.0
P0018,PR25,2026-05-01,15536.0
P0018,PR25,2026-06-01,15467.0
P0018,PR25,2026-07-01,15529.0
P0018,PR25,2026-08-01,15641.0
P0018,PR25,2026-09-01,15694.0
P0019,PR29,2025-10-01,8800.0
P0019,PR29,2025-11-01,8807.0
P0019,PR29,2025-12-01,8807.0
P0019,PR29,2026-01-01,8797.0
P0019,PR29,2026-02-01,8862.0
P0019,PR29,2026-03-01,8924.0
P0019,PR29,2026-04-01,9008.0
P0019,PR29,2026-05-01,8998.0
P0019,PR29,2026-06-01,9102.0
P0019,PR29,2026-07-01,9270.0
P0019,PR29,2026-08-01,9309.0
P0019,PR29,2026-09-01,9406.0
P0020,PR31,2025-10-01,22340.0
P0020,PR31,2025-11-01,22242.0
P0020,PR31,2025-12-01,22639.0
P0020,PR31,2026-01-01,22805.0
P0020,PR31,2026-02-01,23055.0
P0020,PR31,2026-03-01,23177.0
P0020,PR31,2026-04-01,23039.0
P0020,PR31,2026-05-01,23190.0
P0020,PR31,2026-06-01,23271.0
P0020,PR31,2026-07-01,23483.0
P0020,PR31,2026-08-01,23448.0
P0020,PR31,2026-09-01,23105.0
P0021,PR08,2025-10-01,16530.0
P0021,PR08,2025-11-01,16581.0
P0021,PR08,2025-12-01,16607.0
P0021,PR08,2026-01-01,16738.0
P0021,PR08,2026-02-01,16711.0
P0021,PR08,2026-03-01,16732.0
P0021,PR08,2026-04-01,16754.0
P0021,PR08,2026-05-01,16740.0
P0021,PR08,2026-06-01,16855.0
P0021,PR08,2026-07-01,16887.0
P0021,PR08,2026-08-01,16896.0
P0021,PR08,2026-08-15,21120.0
P0021,PR08,2026-09-01,21183.0
P0022,PR20,2025-10-01,22310.0
P0022,PR20,2025-11-01,22348.0
P0022,PR20,2025-12-01,22633.0
P0022,PR20,2026-01-01,22681.0
P0022,PR20,2026-02-01,22672.0
P0022,PR20,2026-03-01,22766.0
P0022,PR20,2026-04-01,22956.0
P0022,PR20,2026-05-01,23039.0
P0022,PR20,2026-06-01,23178.0
P0022,PR20,2026-07-01,23348.0
P0022,PR20,2026-08-01,23537.0
P0022,PR20,2026-09-01,23653.0
P0023,PR25,2025-10-01,16120.0
P0023,PR25,2025-11-01,16043.0
P0023,PR25,2025-12-01,16089.0
P0023,PR25,2026-01-01,16084.0
P0023,PR25,2026-02-01,16211.0
P0023,PR25,2026-03-01,16393.0
P0023,PR25,2026-04-01,16415.0
P0023,PR25,2026-05-01,16546.0
P0023,PR25,2026-06-01,16642.0
P0023,PR25,2026-07-01,16678.0
P0023,PR25,2026-08-01,16876.0
P0023,PR25,2026-09-01,16890.0
P0024,PR29,2025-10-01,57170.0
P0024,PR29,2025-11-01,57138.0
P0024,PR29,2025-12-01,57043.0
P0024,PR29,2026-01-01,57604.0
P0024,PR29,2026-02-01,57551.0
P0024,PR29,2026-03-01,57494.0
P0024,PR29,2026-04-01,58065.0
P0024,PR29,2026-05-01,58392.0
P0024,PR29,2026-06-01,58543.0
P0024,PR29,2026-07-01,58450.0
P0024,PR29,2026-08-01,58737.0
P0024,PR29,2026-09-01,58570.0
P0025,PR31,2025-10-01,14020.0
P0025,PR31,2025-11-01,14086.0
P0025,PR31,2025-12-01,14147.0
P0025,PR31,2026-01-01,14191.0
P0025,PR31,2026-02-01,14257.0
P0025,PR31,2026-03-01,14359.0
P0025,PR31,2026-04-01,14254.0
P0025,PR31,2026-05-01,14215.0
P0025,PR31,2026-06-01,14326.0
P0025,PR31,2026-07-01,14363.0
P0025,PR31,2026-08-01,14487.0
P0025,PR31,2026-09-01,14684.0
P0026,PR08,2025-10-01,20440.0
P0026,PR08,2025-11-01,20701.0
P0026,PR08,2025-12-01,20896.0
P0026,PR08,2026-01-01,20982.0
P0026,PR08,2026-02-01,21205.0
P0026,PR08,2026-03-01,21204.0
P0026,PR08,2026-04-01,21304.0
P0026,PR08,2026-05-01,21347.0
P0026,PR08,2026-06-01,21364.0
P0026,PR08,2026-07-01,21346.0
P0026,PR08,2026-08-01,21476.0
P0026,PR08,2026-09-01,21356.0
P0027,PR20,2025-10-01,27350.0
P0027,PR20,2025-11-01,27131.0
P0027,PR20,2025-12-01,27389.0
P0027,PR20,2026-01-01,27553.0
P0027,PR20,2026-02-01,27786.0
P0027,PR20,2026-03-01,27865.0
P0027,PR20,2026-04-01,28042.0
P0027,PR20,2026-05-01,28059.0
P0027,PR20,2026-06-01,28071.0
P0027,PR20,2026-07-01,27984.0
P0027,PR20,2026-08-01,28381.0
P0027,PR20,2026-09-01,28319.0
P0028,PR25,2025-10-01,16230.0
P0028,PR25,2025-11-01,16439.0
P0028,PR25,2025-12-01,16379.0
P0028,PR25,2026-01-01,16349.0
P0028,PR25,2026-02-01,16525.0
P0028,PR25,2026-03-01,16641.0
P0028,PR25,2026-04-01,16740.0
P0028,PR25,2026-05-01,16707.0
P0028,PR25,2026-06-01,16862.0
P0028,PR25,2026-07-01,16835.0
P0028,PR25,2026-08-01,16925.0
P0028,PR25,2026-09-01,16912.0
P0029,PR29,2025-10-01,21300.0
P0029,PR29,2025-11-01,21571.0
P0029,PR29,2025-12-01,21699.0
P0029,PR29,2026-01-01,21949.0
P0029,PR29,2026-02-01,22006.0
P0029,PR29,2026-03-01,21990.0
P0029,PR29,2026-04-01,21889.0
P0029,PR29,2026-05-01,21999.0
P0029,PR29,2026-06-01,22232.0
P0029,PR29,2026-07-01,22381.0
P0029,PR29,2026-08-01,22365.0
P0029,PR29,2026-09-01,22384.0
P0030,PR31,2025-10-01,26820.0
P0030,PR31,2025-11-01,26843.0
P0030,PR31,2025-12-01,26933.0
P0030,PR31,2026-01-01,27139.0
P0030,PR31,2026-02-01,27257.0
P0030,PR31,2026-03-01,27469.0
P0030,PR31,2026-04-01,27638.0
P0030,PR31,2026-05-01,27568.0
P0030,PR31,2026-06-01,27680.0
P0030,PR31,2026-07-01,27612.0
P0030,PR31,2026-08-01,27725.0
P0030,PR31,2026-09-01,27895.0
P0031,PR02,2025-10-01,11110.0
P0031,PR02,2025-11-01,11098.0
P0031,PR02,2025-12-01,11049.0
P0031,PR02,2026-01-01,11102.0
P0031,PR02,2026-02-01,11134.0
P0031,PR02,2026-03-01,11250.0
P0031,PR02,2026-04-01,11246.0
P0031,PR02,2026-05-01,11395.0
P0031,PR02,2026-06-01,11480.0
P0031,PR02,2026-07-01,11417.0
P0031,PR02,2026-08-01,11412.0
P0031,PR02,2026-09-01,11454.0
P0032,PR09,2025-10-01,9720.0
P0032,PR09,2025-11-01,9747.0
P0032,PR09,2025-12-01,9730.0
P0032,PR09,2026-01-01,9659.0
P0032,PR09,2026-02-01,9675.0
P0032,PR09,2026-03-01,9697.0
P0032,PR09,2026-04-01,9764.0
P0032,PR09,2026-05-01,9810.0
P0032,PR09,2026-06-01,9781.0
P0032,PR09,2026-07-01,9861.0
P0032,PR09,2026-08-01,9861.0
P0032,PR09,2026-09-01,9952.0
P0033,PR13,2025-10-01,6080.0
P0033,PR13,2025-11-01,6084.0
P0033,PR13,2025-12-01,6086.0
P0033,PR13,2026-01-01,6107.0
P0033,PR13,2026-02-01,6157.0
P0033,PR13,2026-03-01,6188.0
P0033,PR13,2026-04-01,6162.0
P0033,PR13,2026-05-01,6219.0
P0033,PR13,2026-06-01,6216.0
P0033,PR13,2026-07-01,6185.0
P0033,PR13,2026-08-01,6144.0
P0033,PR13,2026-09-01,6213.0
P0034,PR24,2025-10-01,4820.0
P0034,PR24,2025-11-01,4881.0
P0034,PR24,2025-12-01,4882.0
P0034,PR24,2026-01-01,4891.0
P0034,PR24,2026-02-01,4906.0
P0034,PR24,2026-03-01,4887.0
P0034,PR24,2026-04-01,4908.0
P0034,PR24,2026-05-01,4941.0
P0034,PR24,2026-06-01,4946.0
P0034,PR24,2026-07-01,4970.0
P0034,PR24,2026-08-01,4976.0
P0034,PR24,2026-09-01,5023.0
P0035,PR38,2025-10-01,5160.0
P0035,PR38,2025-11-01,5150.0
P0035,PR38,2025-12-01,5153.0
P0035,PR38,2026-01-01,5216.0
P0035,PR38,2026-02-01,5240.0
P0035,PR38,2026-03-01,5333.0
P0035,PR38,2026-04-01,5376.0
P0035,PR38,2026-05-01,5432.0
P0035,PR38,2026-06-01,5472.0
P0035,PR38,2026-07-01,5467.0
P0035,PR38,2026-08-01,5516.0
P0035,PR38,2026-09-01,5503.0
P0036,PR02,2025-10-01,10060.0
P0036,PR02,2025-11-01,9996.0
P0036,PR02,2025-12-01,10055.0
P0036,PR02,2026-01-01,10150.0
P0036,PR02,2026-02-01,10261.0
P0036,PR02,2026-03-01,10323.0
P0036,PR02,2026-04-01,10354.0
P0036,PR02,2026-05-01,10382.0
P0036,PR02,2026-06-01,10452.0
P0036,PR02,2026-07-01,10551.0
P0036,PR02,2026-08-01,10590.0
P0036,PR02,2026-09-01,10667.0
P0037,PR09,2025-10-01,5960.0
P0037,PR09,2025-11-01,6022.0
P0037,PR09,2025-12-01,6087.0
P0037,PR09,2026-01-01,6151.0
P0037,PR09,2026-02-01,6203.0
P0037,PR09,2026-03-01,6289.0
P0037,PR09,2026-04-01,6278.0
P0037,PR09,2026-05-01,6363.0
P0037,PR09,2026-06-01,6389.0
P0037,PR09,2026-07-01,6352.0
P0037,PR09,2026-08-01,6379.0
P0037,PR09,2026-09-01,6414.0
P0038,PR13,2025-10-01,4470.0
P0038,PR13,2025-11-01,4450.0
P0038,PR13,2025-12-01,4467.0
P0038,PR13,2026-01-01,4424.0
P0038,PR13,2026-02-01,4484.0
P0038,PR13,2026-03-01,4493.0
P0038,PR13,2026-04-01,4509.0
P0038,PR13,2026-05-01,4550.0
P0038,PR13,2026-06-01,4567.0
P0038,PR13,2026-07-01,4548.0
P0038,PR13,2026-08-01,4511.0
P0038,PR13,2026-09-01,4545.0
P0039,PR24,2025-10-01,19930.0
P0039,PR24,2025-11-01,20095.0
P0039,PR24,2025-12-01,20113.0
P0039,PR24,2026-01-01,19942.0
P0039,PR24,2026-02-01,20051.0
P0039,PR24,2026-03-01,20119.0
P0039,PR24,2026-04-01,20264.0
P0039,PR24,2026-05-01,20238.0
P0039,PR24,2026-06-01,20055.0
P0039,PR24,2026-07-01,20059.0
P0039,PR24,2026-08-01,20222.0
P0039,PR24,2026-09-01,20419.0
P0040,PR38,2025-10-01,15990.0
P0040,PR38,2025-11-01,16013.0
P0040,PR38,2025-12-01,16015.0
P0040,PR38,2026-01-01,15897.0
P0040,PR38,2026-02-01,16066.0
P0040,PR38,2026-03-01,16079.0
P0040,PR38,2026-04-01,16066.0
P0040,PR38,2026-05-01,16036.0
P0040,PR38,2026-06-01,16053.0
P0040,PR38,2026-07-01,16149.0
P0040,PR38,2026-08-01,16169.0
P0040,PR38,2026-09-01,16356.0
P0041,PR02,2025-10-01,3560.0
P0041,PR02,2025-11-01,3586.0
P0041,PR02,2025-12-01,3607.0
P0041,PR02,2026-01-01,3647.0
P0041,PR02,2026-02-01,3634.0
P0041,PR02,2026-03-01,3649.0
P0041,PR02,2026-04-01,3679.0
P0041,PR02,2026-05-01,3710.0
P0041,PR02,2026-06-01,3714.0
P0041,PR02,2026-07-01,3700.0
P0041,PR02,2026-08-01,3672.0
P0041,PR02,2026-09-01,3695.0
P0042,PR09,2025-10-01,14820.0
P0042,PR09,2025-11-01,14864.0
P0042,PR09,2025-12-01,14901.0
P0042,PR09,2026-01-01,14969.0
P0042,PR09,2026-02-01,15016.0
P0042,PR09,2026-03-01,15023.0
P0042,PR09,2026-04-01,15144.0
P0042,PR09,2026-05-01,15074.0
P0042,PR09,2026-06-01,15026.0
P0042,PR09,2026-07-01,14961.0
P0042,PR09,2026-08-01,14983.0
P0042,PR09,2026-09-01,15091.0
P0043,PR13,2025-10-01,11230.0
P0043,PR13,2025-11-01,11218.0
P0043,PR13,2025-12-01,11267.0
P0043,PR13,2026-01-01,11370.0
P0043,PR13,2026-02-01,11530.0
P0043,PR13,2026-03-01,11629.0
P0043,PR13,2026-04-01,11636.0
P0043,PR13,2026-05-01,11573.0
P0043,PR13,2026-06-01,11440.0
P0043,PR13,2026-07-01,11441.0
P0043,PR13,2026-08-01,11489.0
P0043,PR13,2026-09-01,11500.0
P0044,PR24,2025-10-01,4480.0
P0044,PR24,2025-11-01,4548.0
P0044,PR24,2025-12-01,4529.0
P0044,PR24,2026-01-01,4529.0
P0044,PR24,2026-02-01,4483.0
P0044,PR24,2026-03-01,4530.0
P0044,PR24,2026-04-01,4530.0
P0044,PR24,2026-05-01,4497.0
P0044,PR24,2026-06-01,4508.0
P0044,PR24,2026-07-01,4563.0
P0044,PR24,2026-08-01,4633.0
P0044,PR24,2026-09-01,4642.0
P0045,PR38,2025-10-01,3860.0
P0045,PR38,2025-11-01,3888.0
P0045,PR38,2025-12-01,3892.0
P0045,PR38,2026-01-01,3900.0
P0045,PR38,2026-02-01,3901.0
P0045,PR38,2026-03-01,3952.0
P0045,PR38,2026-04-01,3949.0
P0045,PR38,2026-05-01,3915.0
P0045,PR38,2026-06-01,3902.0
P0045,PR38,2026-07-01,3901.0
P0045,PR38,2026-08-01,3919.0
P0045,PR38,2026-09-01,3919.0
P0046,PR02,2025-10-01,5090.0
P0046,PR02,2025-11-01,5113.0
P0046,PR02,2025-12-01,5138.0
P0046,PR02,2026-01-01,5144.0
P0046,PR02,2026-02-01,5182.0
P0046,PR02,2026-03-01,5172.0
P0046,PR02,2026-04-01,5158.0
P0046,PR02,2026-05-01,5205.0
P0046,PR02,2026-06-01,5225.0
P0046,PR02,2026-07-01,5153.0
P0046,PR02,2026-08-01,5157.0
P0046,PR02,2026-09-01,5192.0
P0047,PR09,2025-10-01,6240.0
P0047,PR09,2025-11-01,6316.0
P0047,PR09,2025-12-01,6364.0
P0047,PR09,2026-01-01,6398.0
P0047,PR09,2026-02-01,6460.0
P0047,PR09,2026-03-01,6521.0
P0047,PR09,2026-04-01,6588.0
P0047,PR09,2026-05-01,6566.0
P0047,PR09,2026-06-01,6586.0
P0047,PR09,2026-07-01,6549.0
P0047,PR09,2026-08-01,6613.0
P0047,PR09,2026-09-01,6610.0
P0048,PR13,2025-10-01,21170.0
P0048,PR13,2025-11-01,21115.0
P0048,PR13,2025-12-01,21415.0
P0048,PR13,2026-01-01,21351.0
P0048,PR13,2026-02-01,21373.0
P0048,PR13,2026-03-01,21445.0
P0048,PR13,2026-04-01,21494.0
P0048,PR13,2026-05-01,21712.0
P0048,PR13,2026-06-01,21864.0
P0048,PR13,2026-07-01,21808.0
P0048,PR13,2026-08-01,21985.0
P0048,PR13,2026-09-01,22022.0
P0049,PR24,2025-10-01,3020.0
P0049,PR24,2025-11-01,3020.0
P0049,PR24,2025-12-01,3041.0
P0049,PR24,2026-01-01,3059.0
P0049,PR24,2026-02-01,3071.0
P0049,PR24,2026-03-01,3066.0
P0049,PR24,2026-04-01,3077.0
P0049,PR24,2026-05-01,3065.0
P0049,PR24,2026-06-01,3089.0
P0049,PR24,2026-07-01,3094.0
P0049,PR24,2026-08-01,3103.0
P0049,PR24,2026-09-01,3126.0
P0050,PR38,2025-10-01,17920.0
P0050,PR38,2025-11-01,17957.0
P0050,PR38,2025-12-01,18067.0
P0050,PR38,2026-01-01,18049.0
P0050,PR38,2026-02-01,18137.0
P0050,PR38,2026-03-01,18296.0
P0050,PR38,2026-04-01,18155.0
P0050,PR38,2026-05-01,18165.0
P0050,PR38,2026-06-01,18234.0
P0050,PR38,2026-07-01,18275.0
P0050,PR38,2026-08-01,18384.0
P0050,PR38,2026-09-01,18569.0
P0051,PR02,2025-10-01,16000.0
P0051,PR02,2025-11-01,16060.0
P0051,PR02,2025-12-01,16156.0
P0051,PR02,2026-01-01,16247.0
P0051,PR02,2026-02-01,16396.0
P0051,PR02,2026-03-01,16522.0
P0051,PR02,2026-04-01,16724.0
P0051,PR02,2026-05-01,16888.0
P0051,PR02,2026-06-01,16883.0
P0051,PR02,2026-07-01,16965.0
P0051,PR02,2026-08-01,17119.0
P0051,PR02,2026-09-01,17189.0
P0052,PR09,2025-10-01,7200.0
P0052,PR09,2025-11-01,7105.0
P0052,PR09,2025-12-01,7205.0
P0052,PR09,2026-01-01,7247.0
P0052,PR09,2026-02-01,7284.0
P0052,PR09,2026-03-01,7322.0
P0052,PR09,2026-04-01,7311.0
P0052,PR09,2026-05-01,7337.0
P0052,PR09,2026-06-01,7346.0
P0052,PR09,2026-07-01,7335.0
P0052,PR09,2026-08-01,7365.0
P0052,PR09,2026-09-01,7408.0
P0053,PR13,2025-10-01,17080.0
P0053,PR13,2025-11-01,17250.0
P0053,PR13,2025-12-01,17337.0
P0053,PR13,2026-01-01,17382.0
P0053,PR13,2026-02-01,17502.0
P0053,PR13,2026-03-01,17674.0
P0053,PR13,2026-04-01,17838.0
P0053,PR13,2026-05-01,17876.0
P0053,PR13,2026-06-01,17948.0
P0053,PR13,2026-07-01,17981.0
P0053,PR13,2026-08-01,18274.0
P0053,PR13,2026-09-01,18446.0
P0054,PR24,2025-10-01,4280.0
P0054,PR24,2025-11-01,4326.0
P0054,PR24,2025-12-01,4316.0
P0054,PR24,2026-01-01,4341.0
P0054,PR24,2026-02-01,4393.0
P0054,PR24,2026-03-01,4376.0
P0054,PR24,2026-04-01,4389.0
P0054,PR24,2026-05-01,4354.0
P0054,PR24,2026-06-01,4448.0
P0054,PR24,2026-07-01,4470.0
P0054,PR24,2026-08-01,4472.0
P0054,PR24,2026-09-01,4512.0
P0055,PR38,2025-10-01,9630.0
P0055,PR38,2025-11-01,9642.0
P0055,PR38,2025-12-01,9714.0
P0055,PR38,2026-01-01,9723.0
P0055,PR38,2026-02-01,9825.0
P0055,PR38,2026-03-01,9822.0
P0055,PR38,2026-04-01,9867.0
P0055,PR38,2026-05-01,9843.0
P0055,PR38,2026-06-01,9888.0
P0055,PR38,2026-07-01,9918.0
P0055,PR38,2026-08-01,9879.0
P0055,PR38,2026-09-01,10022.0
P0056,PR02,2025-10-01,6350.0
P0056,PR02,2025-11-01,6366.0
P0056,PR02,2025-12-01,6389.0
P0056,PR02,2026-01-01,6448.0
P0056,PR02,2026-02-01,6434.0
P0056,PR02,2026-03-01,6416.0
P0056,PR02,2026-04-01,6414.0
P0056,PR02,2026-05-01,6479.0
P0056,PR02,2026-06-01,6465.0
P0056,PR02,2026-07-01,6589.0
P0056,PR02,2026-08-01,6623.0
P0056,PR02,2026-09-01,6662.0
P0057,PR09,2025-10-01,13210.0
P0057,PR09,2025-11-01,13297.0
P0057,PR09,2025-12-01,13296.0
P0057,PR09,2026-01-01,13343.0
P0057,PR09,2026-02-01,13345.0
P0057,PR09,2026-03-01,13388.0
P0057,PR09,2026-04-01,13419.0
P0057,PR09,2026-05-01,13584.0
P0057,PR09,2026-06-01,13651.0
P0057,PR09,2026-07-01,13704.0
P0057,PR09,2026-08-01,13743.0
P0057,PR09,2026-09-01,13733.0
P0058,PR13,2025-10-01,19160.0
P0058,PR13,2025-11-01,19126.0
P0058,PR13,2025-12-01,19173.0
P0058,PR13,2026-01-01,19387.0
P0058,PR13,2026-02-01,19516.0
P0058,PR13,2026-03-01,19517.0
P0058,PR13,2026-04-01,19499.0
P0058,PR13,2026-05-01,19536.0
P0058,PR13,2026-06-01,19729.0
P0058,PR13,2026-07-01,19920.0
P0058,PR13,2026-08-01,19947.0
P0058,PR13,2026-09-01,19948.0
P0059,PR24,2025-10-01,3590.0
P0059,PR24,2025-11-01,3614.0
P0059,PR24,2025-12-01,3610.0
P0059,PR24,2026-01-01,3618.0
P0059,PR24,2026-02-01,3666.0
P0059,PR24,2026-03-01,3666.0
P0059,PR24,2026-04-01,3682.0
P0059,PR24,2026-05-01,3695.0
P0059,PR24,2026-06-01,3728.0
P0059,PR24,2026-07-01,3747.0
P0059,PR24,2026-08-01,3730.0
P0059,PR24,2026-09-01,3720.0
P0060,PR38,2025-10-01,3730.0
P0060,PR38,2025-11-01,3756.0
P0060,PR38,2025-12-01,3768.0
P0060,PR38,2026-01-01,3771.0
P0060,PR38,2026-02-01,3754.0
P0060,PR38,2026-03-01,3774.0
P0060,PR38,2026-04-01,3777.0
P0060,PR38,2026-05-01,3807.0
P0060,PR38,2026-06-01,3827.0
P0060,PR38,2026-07-01,3821.0
P0060,PR38,2026-08-01,3806.0
P0060,PR38,2026-09-01,3807.0
P0061,PR02,2025-10-01,18830.0
P0061,PR02,2025-11-01,18938.0
P0061,PR02,2025-12-01,19084.0
P0061,PR02,2026-01-01,18933.0
P0061,PR02,2026-02-01,19154.0
P0061,PR02,2026-03-01,19252.0
P0061,PR02,2026-04-01,19283.0
P0061,PR02,2026-05-01,19126.0
P0061,PR02,2026-06-01,19076.0
P0061,PR02,2026-07-01,19275.0
P0061,PR02,2026-08-01,19350.0
P0061,PR02,2026-09-01,19429.0
P0062,PR09,2025-10-01,8620.0
P0062,PR09,2025-11-01,8633.0
P0062,PR09,2025-12-01,8638.0
P0062,PR09,2026-01-01,8651.0
P0062,PR09,2026-02-01,8727.0
P0062,PR09,2026-03-01,8802.0
P0062,PR09,2026-04-01,8866.0
P0062,PR09,2026-05-01,8885.0
P0062,PR09,2026-06-01,8938.0
P0062,PR09,2026-07-01,9052.0
P0062,PR09,2026-08-01,9131.0
P0062,PR09,2026-09-01,9238.0
P0063,PR13,2025-10-01,3230.0
P0063,PR13,2025-11-01,3215.0
P0063,PR13,2025-12-01,3189.0
P0063,PR13,2026-01-01,3216.0
P0063,PR13,2026-02-01,3225.0
P0063,PR13,2026-03-01,3167.0
P0063,PR13,2026-04-01,3193.0
P0063,PR13,2026-05-01,3226.0
P0063,PR13,2026-06-01,3244.0
P0063,PR13,2026-07-01,3259.0
P0063,PR13,2026-08-01,3241.0
P0063,PR13,2026-09-01,3274.0
P0064,PR24,2025-10-01,24300.0
P0064,PR24,2025-11-01,24757.0
P0064,PR24,2025-12-01,25233.0
P0064,PR24,2026-01-01,25332.0
P0064,PR24,2026-02-01,25449.0
P0064,PR24,2026-03-01,25663.0
P0064,PR24,2026-04-01,25581.0
P0064,PR24,2026-05-01,25593.0
P0064,PR24,2026-06-01,25796.0
P0064,PR24,2026-07-01,25936.0
P0064,PR24,2026-08-01,25949.0
P0064,PR24,2026-09-01,26031.0
P0065,PR38,2025-10-01,13310.0
P0065,PR38,2025-11-01,13263.0
P0065,PR38,2025-12-01,13281.0
P0065,PR38,2026-01-01,13420.0
P0065,PR38,2026-02-01,13419.0
P0065,PR38,2026-03-01,13411.0
P0065,PR38,2026-04-01,13426.0
P0065,PR38,2026-05-01,13380.0
P0065,PR38,2026-06-01,13483.0
P0065,PR38,2026-07-01,13409.0
P0065,PR38,2026-08-01,13383.0
P0065,PR38,2026-09-01,13452.0
P0066,PR03,2025-10-01,16840.0
P0066,PR03,2025-11-01,16699.0
P0066,PR03,2025-12-01,16914.0
P0066,PR03,2026-01-01,17112.0
P0066,PR03,2026-02-01,17181.0
P0066,PR03,2026-03-01,17374.0
P0066,PR03,2026-04-01,17470.0
P0066,PR03,2026-05-01,17603.0
P0066,PR03,2026-06-01,17792.0
P0066,PR03,2026-07-01,18098.0
P0066,PR03,2026-08-01,18194.0
P0066,PR03,2026-09-01,18527.0
P0067,PR10,2025-10-01,15370.0
P0067,PR10,2025-11-01,15535.0
P0067,PR10,2025-12-01,15748.0
P0067,PR10,2026-01-01,15816.0
P0067,PR10,2026-02-01,15917.0
P0067,PR10,2026-03-01,16198.0
P0067,PR10,2026-04-01,16204.0
P0067,PR10,2026-05-01,16152.0
P0067,PR10,2026-06-01,16442.0
P0067,PR10,2026-07-01,16306.0
P0067,PR10,2026-08-01,16465.0
P0067,PR10,2026-09-01,16463.0
P0068,PR11,2025-10-01,4340.0
P0068,PR11,2025-11-01,4352.0
P0068,PR11,2025-12-01,4321.0
P0068,PR11,2026-01-01,4332.0
P0068,PR11,2026-02-01,4313.0
P0068,PR11,2026-03-01,4327.0
P0068,PR11,2026-04-01,4355.0
P0068,PR11,2026-05-01,4333.0
P0068,PR11,2026-06-01,4374.0
P0068,PR11,2026-07-01,4415.0
P0068,PR11,2026-08-01,4374.0
P0068,PR11,2026-09-01,4377.0
P0069,PR15,2025-10-01,3290.0
P0069,PR15,2025-11-01,3286.0
P0069,PR15,2025-12-01,3369.0
P0069,PR15,2026-01-01,3382.0
P0069,PR15,2026-02-01,3365.0
P0069,PR15,2026-03-01,3381.0
P0069,PR15,2026-04-01,3366.0
P0069,PR15,2026-05-01,3363.0
P0069,PR15,2026-06-01,3402.0
P0069,PR15,2026-07-01,3414.0
P0069,PR15,2026-08-01,3429.0
P0069,PR15,2026-09-01,3465.0
P0070,PR22,2025-10-01,2230.0
P0070,PR22,2025-11-01,2265.0
P0070,PR22,2025-12-01,2278.0
P0070,PR22,2026-01-01,2271.0
P0070,PR22,2026-02-01,2279.0
P0070,PR22,2026-03-01,2292.0
P0070,PR22,2026-04-01,2298.0
P0070,PR22,2026-05-01,2316.0
P0070,PR22,2026-06-01,2314.0
P0070,PR22,2026-07-01,2349.0
P0070,PR22,2026-08-01,2365.0
P0070,PR22,2026-09-01,2350.0
P0071,PR26,2025-10-01,13570.0
P0071,PR26,2025-11-01,13622.0
P0071,PR26,2025-12-01,13733.0
P0071,PR26,2026-01-01,13820.0
P0071,PR26,2026-02-01,14004.0
P0071,PR26,2026-03-01,13968.0
P0071,PR26,2026-04-01,13886.0
P0071,PR26,2026-05-01,14010.0
P0071,PR26,2026-06-01,14025.0
P0071,PR26,2026-07-01,14045.0
P0071,PR26,2026-08-01,14170.0
P0071,PR26,2026-09-01,14137.0
P0072,PR27,2025-10-01,4470.0
P0072,PR27,2025-11-01,4449.0
P0072,PR27,2025-12-01,4434.0
P0072,PR27,2026-01-01,4470.0
P0072,PR27,2026-02-01,4482.0
P0072,PR27,2026-03-01,4477.0
P0072,PR27,2026-04-01,4436.0
P0072,PR27,2026-05-01,4471.0
P0072,PR27,2026-06-01,4457.0
P0072,PR27,2026-07-01,4491.0
P0072,PR27,2026-08-01,4495.0
P0072,PR27,2026-09-01,4519.0
P0073,PR28,2025-10-01,2140.0
P0073,PR28,2025-11-01,2138.0
P0073,PR28,2025-12-01,2150.0
P0073,PR28,2026-01-01,2130.0
P0073,PR28,2026-02-01,2128.0
P0073,PR28,2026-03-01,2142.0
P0073,PR28,2026-04-01,2169.0
P0073,PR28,2026-05-01,2183.0
P0073,PR28,2026-06-01,2182.0
P0073,PR28,2026-07-01,2181.0
P0073,PR28,2026-08-01,2190.0
P0073,PR28,2026-09-01,2181.0
P0074,PR32,2025-10-01,16380.0
P0074,PR32,2025-11-01,16542.0
P0074,PR32,2025-12-01,16806.0
P0074,PR32,2026-01-01,16812.0
P0074,PR32,2026-02-01,16641.0
P0074,PR32,2026-03-01,16620.0
P0074,PR32,2026-04-01,16658.0
P0074,PR32,2026-05-01,16659.0
P0074,PR32,2026-06-01,16844.0
P0074,PR32,2026-07-01,17008.0
P0074,PR32,2026-08-01,16982.0
P0074,PR32,2026-09-01,17167.0
P0075,PR34,2025-10-01,14480.0
P0075,PR34,2025-11-01,14681.0
P0075,PR34,2025-12-01,14582.0
P0075,PR34,2026-01-01,14612.0
P0075,PR34,2026-02-01,14675.0
P0075,PR34,2026-03-01,14856.0
P0075,PR34,2026-04-01,14767.0
P0075,PR34,2026-05-01,14790.0
P0075,PR34,2026-06-01,14779.0
P0075,PR34,2026-07-01,14751.0
P0075,PR34,2026-08-01,14785.0
P0075,PR34,2026-09-01,14905.0
P0076,PR03,2025-10-01,3910.0
P0076,PR03,2025-11-01,3939.0
P0076,PR03,2025-12-01,3985.0
P0076,PR03,2026-01-01,3987.0
P0076,PR03,2026-02-01,4005.0
P0076,PR03,2026-03-01,4032.0
P0076,PR03,2026-04-01,4082.0
P0076,PR03,2026-05-01,4074.0
P0076,PR03,2026-06-01,4089.0
P0076,PR03,2026-07-01,4079.0
P0076,PR03,2026-08-01,4103.0
P0076,PR03,2026-09-01,4078.0
P0077,PR10,2025-10-01,3920.0
P0077,PR10,2025-11-01,3905.0
P0077,PR10,2025-12-01,3920.0
P0077,PR10,2026-01-01,3907.0
P0077,PR10,2026-02-01,3928.0
P0077,PR10,2026-03-01,3922.0
P0077,PR10,2026-04-01,3880.0
P0077,PR10,2026-05-01,3876.0
P0077,PR10,2026-06-01,3915.0
P0077,PR10,2026-07-01,3939.0
P0077,PR10,2026-08-01,3966.0
P0077,PR10,2026-09-01,3913.0
P0078,PR11,2025-10-01,13440.0
P0078,PR11,2025-11-01,13444.0
P0078,PR11,2025-12-01,13540.0
P0078,PR11,2026-01-01,13565.0
P0078,PR11,2026-02-01,13680.0
P0078,PR11,2026-03-01,13769.0
P0078,PR11,2026-04-01,13771.0
P0078,PR11,2026-05-01,13900.0
P0078,PR11,2026-06-01,14076.0
P0078,PR11,2026-07-01,14190.0
P0078,PR11,2026-08-01,14296.0
P0078,PR11,2026-09-01,14242.0
P0079,PR15,2025-10-01,11120.0
P0079,PR15,2025-11-01,11170.0
P0079,PR15,2025-12-01,11227.0
P0079,PR15,2026-01-01,11200.0
P0079,PR15,2026-02-01,11216.0
P0079,PR15,2026-03-01,11211.0
P0079,PR15,2026-04-01,11333.0
P0079,PR15,2026-05-01,11303.0
P0079,PR15,2026-06-01,11356.0
P0079,PR15,2026-07-01,11393.0
P0079,PR15,2026-08-01,11470.0
P0079,PR15,2026-09-01,11506.0
P0080,PR22,2025-10-01,5970.0
P0080,PR22,2025-11-01,5959.0
P0080,PR22,2025-12-01,5988.0
P0080,PR22,2026-01-01,6080.0
P0080,PR22,2026-02-01,6118.0
P0080,PR22,2026-03-01,6178.0
P0080,PR22,2026-04-01,6140.0
P0080,PR22,2026-05-01,6228.0
P0080,PR22,2026-06-01,6296.0
P0080,PR22,2026-07-01,6313.0
P0080,PR22,2026-08-01,6363.0
P0080,PR22,2026-09-01,6451.0
P0081,PR26,2025-10-01,19680.0
P0081,PR26,2025-11-01,19742.0
P0081,PR26,2025-12-01,19680.0
P0081,PR26,2026-01-01,19847.0
P0081,PR26,2026-02-01,19887.0
P0081,PR26,2026-03-01,20019.0
P0081,PR26,2026-04-01,20050.0
P0081,PR26,2026-05-01,19934.0
P0081,PR26,2026-06-01,19946.0
P0081,PR26,2026-07-01,20080.0
P0081,PR26,2026-08-01,20015.0
P0081,PR26,2026-09-01,20283.0
P0082,PR27,2025-10-01,8230.0
P0082,PR27,2025-11-01,8158.0
P0082,PR27,2025-12-01,8142.0
P0082,PR27,2026-01-01,8184.0
P0082,PR27,2026-02-01,8221.0
P0082,PR27,2026-03-01,8290.0
P0082,PR27,2026-04-01,8327.0
P0082,PR27,2026-05-01,8437.0
P0082,PR27,2026-06-01,8442.0
P0082,PR27,2026-07-01,8503.0
P0082,PR27,2026-08-01,8498.0
P0082,PR27,2026-09-01,8587.0
P0083,PR28,2025-10-01,5410.0
P0083,PR28,2025-11-01,5422.0
P0083,PR28,2025-12-01,5432.0
P0083,PR28,2026-01-01,5450.0
P0083,PR28,2026-02-01,5439.0
P0083,PR28,2026-03-01,5446.0
P0083,PR28,2026-04-01,5413.0
P0083,PR28,2026-05-01,5422.0
P0083,PR28,2026-06-01,5438.0
P0083,PR28,2026-07-01,5479.0
P0083,PR28,2026-08-01,5484.0
P0083,PR28,2026-09-01,5460.0
P0084,PR32,2025-10-01,3920.0
P0084,PR32,2025-11-01,3933.0
P0084,PR32,2025-12-01,3932.0
P0084,PR32,2026-01-01,3924.0
P0084,PR32,2026-02-01,3979.0
P0084,PR32,2026-03-01,3987.0
P0084,PR32,2026-04-01,4071.0
P0084,PR32,2026-05-01,4076.0
P0084,PR32,2026-06-01,4064.0
P0084,PR32,2026-07-01,4072.0
P0084,PR32,2026-08-01,4066.0
P0084,PR32,2026-09-01,4099.0
P0085,PR34,2025-10-01,9340.0
P0085,PR34,2025-11-01,9344.0
P0085,PR34,2025-12-01,9379.0
P0085,PR34,2026-01-01,9458.0
P0085,PR34,2026-02-01,9486.0
P0085,PR34,2026-03-01,9531.0
P0085,PR34,2026-04-01,9531.0
P0085,PR34,2026-05-01,9619.0
P0085,PR34,2026-06-01,9751.0
P0085,PR34,2026-07-01,9774.0
P0085,PR34,2026-08-01,9753.0
P0085,PR34,2026-09-01,9796.0
P0086,PR03,2025-10-01,4660.0
P0086,PR03,2025-11-01,4726.0
P0086,PR03,2025-12-01,4738.0
P0086,PR03,2026-01-01,4797.0
P0086,PR03,2026-02-01,4790.0
P0086,PR03,2026-03-01,4802.0
P0086,PR03,2026-04-01,4850.0
P0086,PR03,2026-05-01,4876.0
P0086,PR03,2026-06-01,4881.0
P0086,PR03,2026-07-01,4951.0
P0086,PR03,2026-08-01,4968.0
P0086,PR03,2026-09-01,4991.0
P0087,PR10,2025-10-01,4220.0
P0087,PR10,2025-11-01,4229.0
P0087,PR10,2025-12-01,4224.0
P0087,PR10,2026-01-01,4244.0
P0087,PR10,2026-02-01,4293.0
P0087,PR10,2026-03-01,4306.0
P0087,PR10,2026-04-01,4354.0
P0087,PR10,2026-05-01,4348.0
P0087,PR10,2026-06-01,4369.0
P0087,PR10,2026-07-01,4403.0
P0087,PR10,2026-08-01,4433.0
P0087,PR10,2026-09-01,4444.0
P0088,PR11,2025-10-01,19930.0
P0088,PR11,2025-11-01,19772.0
P0088,PR11,2025-12-01,19828.0
P0088,PR11,2026-01-01,20008.0
P0088,PR11,2026-02-01,20159.0
P0088,PR11,2026-03-01,20220.0
P0088,PR11,2026-04-01,20460.0
P0088,PR11,2026-05-01,20404.0
P0088,PR11,2026-06-01,20531.0
P0088,PR11,2026-07-01,20812.0
P0088,PR11,2026-08-01,21087.0
P0088,PR11,2026-09-01,21416.0
P0089,PR15,2025-10-01,6120.0
P0089,PR15,2025-11-01,6097.0
P0089,PR15,2025-12-01,6105.0
P0089,PR15,2026-01-01,6133.0
P0089,PR15,2026-02-01,6186.0
P0089,PR15,2026-03-01,6164.0
P0089,PR15,2026-04-01,6198.0
P0089,PR15,2026-05-01,6190.0
P0089,PR15,2026-06-01,6209.0
P0089,PR15,2026-07-01,6172.0
P0089,PR15,2026-08-01,6218.0
P0089,PR15,2026-09-01,6169.0
P0090,PR22,2025-10-01,10160.0
P0090,PR22,2025-11-01,10221.0
P0090,PR22,2025-12-01,10182.0
P0090,PR22,2026-01-01,10170.0
P0090,PR22,2026-02-01,10244.0
P0090,PR22,2026-03-01,10300.0
P0090,PR22,2026-04-01,10260.0
P0090,PR22,2026-05-01,10149.0
P0090,PR22,2026-06-01,10197.0
P0090,PR22,2026-07-01,10246.0
P0090,PR22,2026-08-01,10190.0
P0090,PR22,2026-09-01,10336.0
P0091,PR26,2025-10-01,4330.0
P0091,PR26,2025-11-01,4368.0
P0091,PR26,2025-12-01,4345.0
P0091,PR26,2026-01-01,4384.0
P0091,PR26,2026-02-01,4363.0
P0091,PR26,2026-03-01,4420.0
P0091,PR26,2026-04-01,4481.0
P0091,PR26,2026-05-01,4545.0
P0091,PR26,2026-06-01,4526.0
P0091,PR26,2026-07-01,4533.0
P0091,PR26,2026-08-01,4514.0
P0091,PR26,2026-09-01,4504.0
P0092,PR27,2025-10-01,8360.0
P0092,PR27,2025-11-01,8493.0
P0092,PR27,2025-12-01,8531.0
P0092,PR27,2026-01-01,8549.0
P0092,PR27,2026-02-01,8570.0
P0092,PR27,2026-03-01,8557.0
P0092,PR27,2026-04-01,8559.0
P0092,PR27,2026-05-01,8617.0
P0092,PR27,2026-06-01,8632.0
P0092,PR27,2026-07-01,8643.0
P0092,PR27,2026-08-01,8664.0
P0092,PR27,2026-09-01,8700.0
P0093,PR28,2025-10-01,4290.0
P0093,PR28,2025-11-01,4301.0
P0093,PR28,2025-12-01,4303.0
P0093,PR28,2026-01-01,4307.0
P0093,PR28,2026-02-01,4334.0
P0093,PR28,2026-03-01,4341.0
P0093,PR28,2026-04-01,4351.0
P0093,PR28,2026-05-01,4348.0
P0093,PR28,2026-06-01,4361.0
P0093,PR28,2026-07-01,4391.0
P0093,PR28,2026-08-01,4358.0
P0093,PR28,2026-09-01,4379.0
P0094,PR32,2025-10-01,3080.0
P0094,PR32,2025-11-01,3103.0
P0094,PR32,2025-12-01,3114.0
P0094,PR32,2026-01-01,3114.0
P0094,PR32,2026-02-01,3142.0
P0094,PR32,2026-03-01,3172.0
P0094,PR32,2026-04-01,3166.0
P0094,PR32,2026-05-01,3186.0
P0094,PR32,2026-06-01,3202.0
P0094,PR32,2026-07-01,3173.0
P0094,PR32,2026-08-01,3191.0
P0094,PR32,2026-09-01,3175.0
P0095,PR34,2025-10-01,7780.0
P0095,PR34,2025-11-01,7809.0
P0095,PR34,2025-12-01,7766.0
P0095,PR34,2026-01-01,7818.0
P0095,PR34,2026-02-01,7957.0
P0095,PR34,2026-03-01,7954.0
P0095,PR34,2026-04-01,7937.0
P0095,PR34,2026-05-01,7887.0
P0095,PR34,2026-06-01,7866.0
P0095,PR34,2026-07-01,7943.0
P0095,PR34,2026-08-01,7973.0
P0095,PR34,2026-09-01,7917.0
P0096,PR03,2025-10-01,17790.0
P0096,PR03,2025-11-01,17826.0
P0096,PR03,2025-12-01,17846.0
P0096,PR03,2026-01-01,17973.0
P0096,PR03,2026-02-01,17982.0
P0096,PR03,2026-03-01,18088.0
P0096,PR03,2026-04-01,18139.0
P0096,PR03,2026-05-01,18017.0
P0096,PR03,2026-06-01,17966.0
P0096,PR03,2026-07-01,18171.0
P0096,PR03,2026-08-01,18273.0
P0096,PR03,2026-09-01,18358.0
P0097,PR10,2025-10-01,4320.0
P0097,PR10,2025-11-01,4335.0
P0097,PR10,2025-12-01,4307.0
P0097,PR10,2026-01-01,4315.0
P0097,PR10,2026-02-01,4341.0
P0097,PR10,2026-03-01,4375.0
P0097,PR10,2026-04-01,4418.0
P0097,PR10,2026-05-01,4444.0
P0097,PR10,2026-06-01,4476.0
P0097,PR10,2026-07-01,4477.0
P0097,PR10,2026-08-01,4531.0
P0097,PR10,2026-09-01,4521.0
P0098,PR11,2025-10-01,9770.0
P0098,PR11,2025-11-01,9825.0
P0098,PR11,2025-12-01,9845.0
P0098,PR11,2026-01-01,9956.0
P0098,PR11,2026-02-01,9984.0
P0098,PR11,2026-03-01,10065.0
P0098,PR11,2026-04-01,10059.0
P0098,PR11,2026-05-01,10168.0
P0098,PR11,2026-06-01,10265.0
P0098,PR11,2026-07-01,10400.0
P0098,PR11,2026-08-01,10420.0
P0098,PR11,2026-09-01,10517.0
P0099,PR15,2025-10-01,3050.0
P0099,PR15,2025-11-01,3075.0
P0099,PR15,2025-12-01,3108.0
P0099,PR15,2026-01-01,3133.0
P0099,PR15,2026-02-01,3149.0
P0099,PR15,2026-03-01,3183.0
P0099,PR15,2026-04-01,3144.0
P0099,PR15,2026-05-01,3150.0
P0099,PR15,2026-06-01,3147.0
P0099,PR15,2026-07-01,3181.0
P0099,PR15,2026-08-01,3190.0
P0099,PR15,2026-09-01,3216.0
P0100,PR22,2025-10-01,13060.0
P0100,PR22,2025-11-01,13123.0
P0100,PR22,2025-12-01,13261.0
P0100,PR22,2026-01-01,13380.0
P0100,PR22,2026-02-01,13434.0
P0100,PR22,2026-03-01,13528.0
P0100,PR22,2026-04-01,13583.0
P0100,PR22,2026-05-01,13601.0
P0100,PR22,2026-06-01,13697.0
P0100,PR22,2026-07-01,13880.0
P0100,PR22,2026-08-01,14008.0
P0100,PR22,2026-09-01,13998.0
P0101,PR26,2025-10-01,2470.0
P0101,PR26,2025-11-01,2493.0
P0101,PR26,2025-12-01,2491.0
P0101,PR26,2026-01-01,2456.0
P0101,PR26,2026-02-01,2451.0
P0101,PR26,2026-03-01,2463.0
P0101,PR26,2026-04-01,2451.0
P0101,PR26,2026-05-01,2464.0
P0101,PR26,2026-06-01,2491.0
P0101,PR26,2026-07-01,2499.0
P0101,PR26,2026-08-01,2515.0
P0101,PR26,2026-09-01,2521.0
P0102,PR27,2025-10-01,4520.0
P0102,PR27,2025-11-01,4473.0
P0102,PR27,2025-12-01,4497.0
P0102,PR27,2026-01-01,4494.0
P0102,PR27,2026-02-01,4519.0
P0102,PR27,2026-03-01,4483.0
P0102,PR27,2026-04-01,4505.0
P0102,PR27,2026-05-01,4537.0
P0102,PR27,2026-06-01,4593.0
P0102,PR27,2026-07-01,4617.0
P0102,PR27,2026-08-01,4598.0
P0102,PR27,2026-09-01,4617.0
P0103,PR28,2025-10-01,7570.0
P0103,PR28,2025-11-01,7511.0
P0103,PR28,2025-12-01,7454.0
P0103,PR28,2026-01-01,7495.0
P0103,PR28,2026-02-01,7549.0
P0103,PR28,2026-03-01,7589.0
P0103,PR28,2026-04-01,7673.0
P0103,PR28,2026-05-01,7741.0
P0103,PR28,2026-06-01,7798.0
P0103,PR28,2026-07-01,7751.0
P0103,PR28,2026-08-01,7749.0
P0103,PR28,2026-09-01,7787.0
P0104,PR32,2025-10-01,5340.0
P0104,PR32,2025-11-01,5314.0
P0104,PR32,2025-12-01,5296.0
P0104,PR32,2026-01-01,5268.0
P0104,PR32,2026-02-01,5267.0
P0104,PR32,2026-03-01,5293.0
P0104,PR32,2026-04-01,5351.0
P0104,PR32,2026-05-01,5373.0
P0104,PR32,2026-06-01,5382.0
P0104,PR32,2026-07-01,5370.0
P0104,PR32,2026-08-01,5433.0
P0104,PR32,2026-09-01,5462.0
P0105,PR34,2025-10-01,3260.0
P0105,PR34,2025-11-01,3287.0
P0105,PR34,2025-12-01,3279.0
P0105,PR34,2026-01-01,3267.0
P0105,PR34,2026-02-01,3284.0
P0105,PR34,2026-03-01,3299.0
P0105,PR34,2026-04-01,3336.0
P0105,PR34,2026-05-01,3336.0
P0105,PR34,2026-06-01,3344.0
P0105,PR34,2026-07-01,3346.0
P0105,PR34,2026-08-01,3380.0
P0105,PR34,2026-09-01,3376.0
P0106,PR03,2025-10-01,13030.0
P0106,PR03,2025-11-01,13141.0
P0106,PR03,2025-12-01,13187.0
P0106,PR03,2026-01-01,13282.0
P0106,PR03,2026-02-01,13440.0
P0106,PR03,2026-03-01,13533.0
P0106,PR03,2026-04-01,13741.0
P0106,PR03,2026-05-01,13823.0
P0106,PR03,2026-06-01,13724.0
P0106,PR03,2026-07-01,13807.0
P0106,PR03,2026-08-01,13842.0
P0106,PR03,2026-09-01,13822.0
P0107,PR10,2025-10-01,4150.0
P0107,PR10,2025-11-01,4161.0
P0107,PR10,2025-12-01,4154.0
P0107,PR10,2026-01-01,4181.0
P0107,PR10,2026-02-01,4203.0
P0107,PR10,2026-03-01,4242.0
P0107,PR10,2026-04-01,4273.0
P0107,PR10,2026-05-01,4306.0
P0107,PR10,2026-06-01,4286.0
P0107,PR10,2026-07-01,4295.0
P0107,PR10,2026-08-01,4261.0
P0107,PR10,2026-09-01,4292.0
P0108,PR11,2025-10-01,14290.0
P0108,PR11,2025-11-01,14342.0
P0108,PR11,2025-12-01,14419.0
P0108,PR11,2026-01-01,14463.0
P0108,PR11,2026-02-01,14543.0
P0108,PR11,2026-03-01,14418.0
P0108,PR11,2026-04-01,14498.0
P0108,PR11,2026-05-01,14704.0
P0108,PR11,2026-06-01,14791.0
P0108,PR11,2026-07-01,14804.0
P0108,PR11,2026-08-01,14976.0
P0108,PR11,2026-09-01,15060.0
P0109,PR15,2025-10-01,19840.0
P0109,PR15,2025-11-01,19957.0
P0109,PR15,2025-12-01,20267.0
P0109,PR15,2026-01-01,20397.0
P0109,PR15,2026-02-01,20391.0
P0109,PR15,2026-03-01,20361.0
P0109,PR15,2026-04-01,20571.0
P0109,PR15,2026-05-01,20444.0
P0109,PR15,2026-06-01,20455.0
P0109,PR15,2026-07-01,20445.0
P0109,PR15,2026-08-01,20640.0
P0109,PR15,2026-09-01,20687.0
P0110,PR22,2025-10-01,9610.0
P0110,PR22,2025-11-01,9655.0
P0110,PR22,2025-12-01,9580.0
P0110,PR22,2026-01-01,9585.0
P0110,PR22,2026-02-01,9617.0
P0110,PR22,2026-03-01,9648.0
P0110,PR22,2026-04-01,9682.0
P0110,PR22,2026-05-01,9750.0
P0110,PR22,2026-06-01,9799.0
P0110,PR22,2026-07-01,9912.0
P0110,PR22,2026-08-01,9916.0
P0110,PR22,2026-09-01,9943.0
P0111,PR04,2025-10-01,5350.0
P0111,PR04,2025-11-01,5355.0
P0111,PR04,2025-12-01,5424.0
P0111,PR04,2026-01-01,5484.0
P0111,PR04,2026-02-01,5459.0
P0111,PR04,2026-03-01,5436.0
P0111,PR04,2026-04-01,5485.0
P0111,PR04,2026-05-01,5538.0
P0111,PR04,2026-06-01,5575.0
P0111,PR04,2026-07-01,5546.0
P0111,PR04,2026-08-01,5546.0
P0111,PR04,2026-09-01,5544.0
P0112,PR16,2025-10-01,2370.0
P0112,PR16,2025-11-01,2375.0
P0112,PR16,2025-12-01,2380.0
P0112,PR16,2026-01-01,2365.0
P0112,PR16,2026-02-01,2364.0
P0112,PR16,2026-03-01,2365.0
P0112,PR16,2026-04-01,2343.0
P0112,PR16,2026-05-01,2375.0
P0112,PR16,2026-06-01,2407.0
P0112,PR16,2026-07-01,2403.0
P0112,PR16,2026-08-01,2404.0
P0112,PR16,2026-09-01,2405.0
P0113,PR23,2025-10-01,11910.0
P0113,PR23,2025-11-01,11897.0
P0113,PR23,2025-12-01,11978.0
P0113,PR23,2026-01-01,11942.0
P0113,PR23,2026-02-01,12050.0
P0113,PR23,2026-03-01,12138.0
P0113,PR23,2026-04-01,12179.0
P0113,PR23,2026-05-01,12365.0
P0113,PR23,2026-06-01,12471.0
P0113,PR23,2026-07-01,12487.0
P0113,PR23,2026-08-01,12516.0
P0113,PR23,2026-09-01,12648.0
P0114,PR04,2025-10-01,1960.0
P0114,PR04,2025-11-01,1958.0
P0114,PR04,2025-12-01,1952.0
P0114,PR04,2026-01-01,1969.0
P0114,PR04,2026-02-01,1984.0
P0114,PR04,2026-03-01,1983.0
P0114,PR04,2026-04-01,2013.0
P0114,PR04,2026-05-01,2015.0
P0114,PR04,2026-06-01,2035.0
P0114,PR04,2026-07-01,2048.0
P0114,PR04,2026-08-01,2045.0
P0114,PR04,2026-09-01,2051.0
P0115,PR16,2025-10-01,4110.0
P0115,PR16,2025-11-01,4064.0
P0115,PR16,2025-12-01,4103.0
P0115,PR16,2026-01-01,4120.0
P0115,PR16,2026-02-01,4159.0
P0115,PR16,2026-03-01,4153.0
P0115,PR16,2026-04-01,4164.0
P0115,PR16,2026-05-01,4145.0
P0115,PR16,2026-06-01,4142.0
P0115,PR16,2026-07-01,4176.0
P0115,PR16,2026-08-01,4205.0
P0115,PR16,2026-09-01,4254.0
P0116,PR23,2025-10-01,9080.0
P0116,PR23,2025-11-01,9171.0
P0116,PR23,2025-12-01,9214.0
P0116,PR23,2026-01-01,9108.0
P0116,PR23,2026-02-01,9221.0
P0116,PR23,2026-03-01,9267.0
P0116,PR23,2026-04-01,9477.0
P0116,PR23,2026-05-01,9619.0
P0116,PR23,2026-06-01,9693.0
P0116,PR23,2026-07-01,9743.0
P0116,PR23,2026-08-01,9762.0
P0116,PR23,2026-09-01,9735.0
P0117,PR04,2025-10-01,5350.0
P0117,PR04,2025-11-01,5350.0
P0117,PR04,2025-12-01,5368.0
P0117,PR04,2026-01-01,5354.0
P0117,PR04,2026-02-01,5364.0
P0117,PR04,2026-03-01,5419.0
P0117,PR04,2026-04-01,5406.0
P0117,PR04,2026-05-01,5419.0
P0117,PR04,2026-06-01,5429.0
P0117,PR04,2026-07-01,5453.0
P0117,PR04,2026-08-01,5443.0
P0117,PR04,2026-09-01,5448.0
P0118,PR16,2025-10-01,9550.0
P0118,PR16,2025-11-01,9452.0
P0118,PR16,2025-12-01,9476.0
P0118,PR16,2026-01-01,9549.0
P0118,PR16,2026-02-01,9622.0
P0118,PR16,2026-03-01,9721.0
P0118,PR16,2026-04-01,9696.0
P0118,PR16,2026-05-01,9748.0
P0118,PR16,2026-06-01,9790.0
P0118,PR16,2026-07-01,9811.0
P0118,PR16,2026-08-01,9866.0
P0118,PR16,2026-09-01,9906.0
P0119,PR23,2025-10-01,11400.0
P0119,PR23,2025-11-01,11379.0
P0119,PR23,2025-12-01,11532.0
P0119,PR23,2026-01-01,11687.0
P0119,PR23,2026-02-01,11644.0
P0119,PR23,2026-03-01,11727.0
P0119,PR23,2026-04-01,11725.0
P0119,PR23,2026-05-01,11826.0
P0119,PR23,2026-06-01,11815.0
P0119,PR23,2026-07-01,11776.0
P0119,PR23,2026-08-01,11855.0
P0119,PR23,2026-09-01,11862.0
P0120,PR04,2025-10-01,5280.0
P0120,PR04,2025-11-01,5307.0
P0120,PR04,2025-12-01,5313.0
P0120,PR04,2026-01-01,5298.0
P0120,PR04,2026-02-01,5236.0
P0120,PR04,2026-03-01,5287.0
P0120,PR04,2026-04-01,5317.0
P0120,PR04,2026-05-01,5268.0
P0120,PR04,2026-06-01,5253.0
P0120,PR04,2026-07-01,5264.0
P0120,PR04,2026-08-01,5324.0
P0120,PR04,2026-09-01,5366.0
P0121,PR16,2025-10-01,1960.0
P0121,PR16,2025-11-01,1976.0
P0121,PR16,2025-12-01,1988.0
P0121,PR16,2026-01-01,1995.0
P0121,PR16,2026-02-01,2004.0
P0121,PR16,2026-03-01,2016.0
P0121,PR16,2026-04-01,2016.0
P0121,PR16,2026-05-01,1999.0
P0121,PR16,2026-06-01,2010.0
P0121,PR16,2026-07-01,2015.0
P0121,PR16,2026-08-01,2004.0
P0121,PR16,2026-09-01,2008.0
P0122,PR23,2025-10-01,5850.0
P0122,PR23,2025-11-01,5911.0
P0122,PR23,2025-12-01,5900.0
P0122,PR23,2026-01-01,5909.0
P0122,PR23,2026-02-01,5914.0
P0122,PR23,2026-03-01,5904.0
P0122,PR23,2026-04-01,5900.0
P0122,PR23,2026-05-01,5913.0
P0122,PR23,2026-06-01,5965.0
P0122,PR23,2026-07-01,5990.0
P0122,PR23,2026-08-01,6042.0
P0122,PR23,2026-09-01,6055.0
P0123,PR04,2025-10-01,3890.0
P0123,PR04,2025-11-01,3906.0
P0123,PR04,2025-12-01,3883.0
P0123,PR04,2026-01-01,3906.0
P0123,PR04,2026-02-01,3941.0
P0123,PR04,2026-03-01,3956.0
P0123,PR04,2026-04-01,3994.0
P0123,PR04,2026-05-01,4037.0
P0123,PR04,2026-06-01,4055.0
P0123,PR04,2026-07-01,4080.0
P0123,PR04,2026-08-01,4142.0
P0123,PR04,2026-09-01,4138.0
P0124,PR16,2025-10-01,7000.0
P0124,PR16,2025-11-01,7041.0
P0124,PR16,2025-12-01,7143.0
P0124,PR16,2026-01-01,7143.0
P0124,PR16,2026-02-01,7249.0
P0124,PR16,2026-03-01,7282.0
P0124,PR16,2026-04-01,7280.0
P0124,PR16,2026-05-01,7333.0
P0124,PR16,2026-06-01,7396.0
P0124,PR16,2026-07-01,7404.0
P0124,PR16,2026-08-01,7442.0
P0124,PR16,2026-09-01,7455.0
P0125,PR23,2025-10-01,1590.0
P0125,PR23,2025-11-01,1591.0
P0125,PR23,2025-12-01,1601.0
P0125,PR23,2026-01-01,1616.0
P0125,PR23,2026-02-01,1615.0
P0125,PR23,2026-03-01,1620.0
P0125,PR23,2026-04-01,1645.0
P0125,PR23,2026-05-01,1657.0
P0125,PR23,2026-06-01,1649.0
P0125,PR23,2026-07-01,1663.0
P0125,PR23,2026-08-01,1658.0
P0125,PR23,2026-09-01,1650.0
P0126,PR04,2025-10-01,10310.0
P0126,PR04,2025-11-01,10346.0
P0126,PR04,2025-12-01,10471.0
P0126,PR04,2026-01-01,10570.0
P0126,PR04,2026-02-01,10700.0
P0126,PR04,2026-03-01,10794.0
P0126,PR04,2026-04-01,10814.0
P0126,PR04,2026-05-01,10889.0
P0126,PR04,2026-06-01,11046.0
P0126,PR04,2026-07-01,11222.0
P0126,PR04,2026-08-01,11160.0
P0126,PR04,2026-09-01,11224.0
P0127,PR16,2025-10-01,4280.0
P0127,PR16,2025-11-01,4280.0
P0127,PR16,2025-12-01,4321.0
P0127,PR16,2026-01-01,4355.0
P0127,PR16,2026-02-01,4372.0
P0127,PR16,2026-03-01,4371.0
P0127,PR16,2026-04-01,4399.0
P0127,PR16,2026-05-01,4414.0
P0127,PR16,2026-06-01,4436.0
P0127,PR16,2026-07-01,4449.0
P0127,PR16,2026-08-01,4475.0
P0127,PR16,2026-09-01,4493.0
P0128,PR23,2025-10-01,2730.0
P0128,PR23,2025-11-01,2754.0
P0128,PR23,2025-12-01,2719.0
P0128,PR23,2026-01-01,2726.0
P0128,PR23,2026-02-01,2729.0
P0128,PR23,2026-03-01,2745.0
P0128,PR23,2026-04-01,2769.0
P0128,PR23,2026-05-01,2784.0
P0128,PR23,2026-06-01,2796.0
P0128,PR23,2026-07-01,2798.0
P0128,PR23,2026-08-01,2822.0
P0128,PR23,2026-09-01,2863.0
P0129,PR04,2025-10-01,1920.0
P0129,PR04,2025-11-01,1932.0
P0129,PR04,2025-12-01,1943.0
P0129,PR04,2026-01-01,1955.0
P0129,PR04,2026-02-01,1956.0
P0129,PR04,2026-03-01,1955.0
P0129,PR04,2026-04-01,1953.0
P0129,PR04,2026-05-01,1962.0
P0129,PR04,2026-06-01,1978.0
P0129,PR04,2026-07-01,1989.0
P0129,PR04,2026-08-01,1993.0
P0129,PR04,2026-09-01,2008.0
P0130,PR16,2025-10-01,2440.0
P0130,PR16,2025-11-01,2444.0
P0130,PR16,2025-12-01,2459.0
P0130,PR16,2026-01-01,2460.0
P0130,PR16,2026-02-01,2475.0
P0130,PR16,2026-03-01,2470.0
P0130,PR16,2026-04-01,2456.0
P0130,PR16,2026-05-01,2473.0
P0130,PR16,2026-06-01,2503.0
P0130,PR16,2026-07-01,2506.0
P0130,PR16,2026-08-01,2477.0
P0130,PR16,2026-09-01,2503.0
P0131,PR23,2025-10-01,1540.0
P0131,PR23,2025-11-01,1547.0
P0131,PR23,2025-12-01,1574.0
P0131,PR23,2026-01-01,1594.0
P0131,PR23,2026-02-01,1595.0
P0131,PR23,2026-03-01,1601.0
P0131,PR23,2026-04-01,1611.0
P0131,PR23,2026-05-01,1612.0
P0131,PR23,2026-06-01,1633.0
P0131,PR23,2026-07-01,1646.0
P0131,PR23,2026-08-01,1644.0
P0131,PR23,2026-09-01,1664.0
P0132,PR04,2025-10-01,3150.0
P0132,PR04,2025-11-01,3138.0
P0132,PR04,2025-12-01,3161.0
P0132,PR04,2026-01-01,3149.0
P0132,PR04,2026-02-01,3180.0
P0132,PR04,2026-03-01,3177.0
P0132,PR04,2026-04-01,3179.0
P0132,PR04,2026-05-01,3197.0
P0132,PR04,2026-06-01,3216.0
P0132,PR04,2026-07-01,3235.0
P0132,PR04,2026-08-01,3250.0
P0132,PR04,2026-09-01,3243.0
P0133,PR16,2025-10-01,4590.0
P0133,PR16,2025-11-01,4601.0
P0133,PR16,2025-12-01,4618.0
P0133,PR16,2026-01-01,4644.0
P0133,PR16,2026-02-01,4645.0
P0133,PR16,2026-03-01,4683.0
P0133,PR16,2026-04-01,4688.0
P0133,PR16,2026-05-01,4687.0
P0133,PR16,2026-06-01,4678.0
P0133,PR16,2026-07-01,4667.0
P0133,PR16,2026-08-01,4656.0
P0133,PR16,2026-09-01,4654.0
P0134,PR23,2025-10-01,11770.0
P0134,PR23,2025-11-01,11915.0
P0134,PR23,2025-12-01,11959.0
P0134,PR23,2026-01-01,12130.0
P0134,PR23,2026-02-01,12044.0
P0134,PR23,2026-03-01,12145.0
P0134,PR23,2026-04-01,12238.0
P0134,PR23,2026-05-01,12158.0
P0134,PR23,2026-06-01,12214.0
P0134,PR23,2026-07-01,12271.0
P0134,PR23,2026-08-01,12344.0
P0134,PR23,2026-09-01,12342.0
P0135,PR04,2025-10-01,2790.0
P0135,PR04,2025-11-01,2807.0
P0135,PR04,2025-12-01,2835.0
P0135,PR04,2026-01-01,2828.0
P0135,PR04,2026-02-01,2831.0
P0135,PR04,2026-03-01,2851.0
P0135,PR04,2026-04-01,2846.0
P0135,PR04,2026-05-01,2871.0
P0135,PR04,2026-06-01,2881.0
P0135,PR04,2026-07-01,2907.0
P0135,PR04,2026-08-01,2865.0
P0135,PR04,2026-09-01,2891.0
P0136,PR16,2025-10-01,8530.0
P0136,PR16,2025-11-01,8586.0
P0136,PR16,2025-12-01,8651.0
P0136,PR16,2026-01-01,8645.0
P0136,PR16,2026-02-01,8763.0
P0136,PR16,2026-03-01,8754.0
P0136,PR16,2026-04-01,8835.0
P0136,PR16,2026-05-01,8862.0
P0136,PR16,2026-06-01,8793.0
P0136,PR16,2026-07-01,8859.0
P0136,PR16,2026-08-01,8893.0
P0136,PR16,2026-09-01,8885.0
P0137,PR23,2025-10-01,1820.0
P0137,PR23,2025-11-01,1825.0
P0137,PR23,2025-12-01,1861.0
P0137,PR23,2026-01-01,1861.0
P0137,PR23,2026-02-01,1878.0
P0137,PR23,2026-03-01,1883.0
P0137,PR23,2026-04-01,1892.0
P0137,PR23,2026-05-01,1910.0
P0137,PR23,2026-06-01,1927.0
P0137,PR23,2026-07-01,1939.0
P0137,PR23,2026-08-01,1934.0
P0137,PR23,2026-09-01,1944.0
P0138,PR04,2025-10-01,1530.0
P0138,PR04,2025-11-01,1537.0
P0138,PR04,2025-12-01,1537.0
P0138,PR04,2026-01-01,1533.0
P0138,PR04,2026-02-01,1550.0
P0138,PR04,2026-03-01,1544.0
P0138,PR04,2026-04-01,1556.0
P0138,PR04,2026-05-01,1555.0
P0138,PR04,2026-06-01,1566.0
P0138,PR04,2026-07-01,1554.0
P0138,PR04,2026-08-01,1567.0
P0138,PR04,2026-09-01,1570.0
P0139,PR16,2025-10-01,7020.0
P0139,PR16,2025-11-01,7005.0
P0139,PR16,2025-12-01,7113.0
P0139,PR16,2026-01-01,7137.0
P0139,PR16,2026-02-01,7171.0
P0139,PR16,2026-03-01,7204.0
P0139,PR16,2026-04-01,7262.0
P0139,PR16,2026-05-01,7265.0
P0139,PR16,2026-06-01,7361.0
P0139,PR16,2026-07-01,7351.0
P0139,PR16,2026-08-01,7353.0
P0139,PR16,2026-09-01,7388.0
P0140,PR23,2025-10-01,3200.0
P0140,PR23,2025-11-01,3252.0
P0140,PR23,2025-12-01,3255.0
P0140,PR23,2026-01-01,3274.0
P0140,PR23,2026-02-01,3277.0
P0140,PR23,2026-03-01,3274.0
P0140,PR23,2026-04-01,3291.0
P0140,PR23,2026-05-01,3333.0
P0140,PR23,2026-06-01,3318.0
P0140,PR23,2026-07-01,3335.0
P0140,PR23,2026-08-01,3358.0
P0140,PR23,2026-09-01,3365.0
P0141,PR04,2025-10-01,1550.0
P0141,PR04,2025-11-01,1553.0
P0141,PR04,2025-12-01,1551.0
P0141,PR04,2026-01-01,1553.0
P0141,PR04,2026-02-01,1553.0
P0141,PR04,2026-03-01,1567.0
P0141,PR04,2026-04-01,1567.0
P0141,PR04,2026-05-01,1575.0
P0141,PR04,2026-06-01,1593.0
P0141,PR04,2026-07-01,1589.0
P0141,PR04,2026-08-01,1586.0
P0141,PR04,2026-09-01,1592.0
P0142,PR16,2025-10-01,10640.0
P0142,PR16,2025-11-01,10643.0
P0142,PR16,2025-12-01,10743.0
P0142,PR16,2026-01-01,10832.0
P0142,PR16,2026-02-01,10892.0
P0142,PR16,2026-03-01,11009.0
P0142,PR16,2026-04-01,11029.0
P0142,PR16,2026-05-01,11076.0
P0142,PR16,2026-06-01,11195.0
P0142,PR16,2026-07-01,11398.0
P0142,PR16,2026-08-01,11411.0
P0142,PR16,2026-09-01,11431.0
P0143,PR23,2025-10-01,4710.0
P0143,PR23,2025-11-01,4772.0
P0143,PR23,2025-12-01,4791.0
P0143,PR23,2026-01-01,4768.0
P0143,PR23,2026-02-01,4798.0
P0143,PR23,2026-03-01,4816.0
P0143,PR23,2026-04-01,4839.0
P0143,PR23,2026-05-01,4884.0
P0143,PR23,2026-06-01,4888.0
P0143,PR23,2026-07-01,4890.0
P0143,PR23,2026-08-01,4888.0
P0143,PR23,2026-09-01,4942.0
P0144,PR04,2025-10-01,2260.0
P0144,PR04,2025-11-01,2273.0
P0144,PR04,2025-12-01,2246.0
P0144,PR04,2026-01-01,2267.0
P0144,PR04,2026-02-01,2282.0
P0144,PR04,2026-03-01,2252.0
P0144,PR04,2026-04-01,2282.0
P0144,PR04,2026-05-01,2316.0
P0144,PR04,2026-06-01,2327.0
P0144,PR04,2026-07-01,2345.0
P0144,PR04,2026-08-01,2348.0
P0144,PR04,2026-09-01,2350.0
P0145,PR16,2025-10-01,4690.0
P0145,PR16,2025-11-01,4740.0
P0145,PR16,2025-12-01,4746.0
P0145,PR16,2026-01-01,4750.0
P0145,PR16,2026-02-01,4781.0
P0145,PR16,2026-03-01,4758.0
P0145,PR16,2026-04-01,4763.0
P0145,PR16,2026-05-01,4804.0
P0145,PR16,2026-06-01,4769.0
P0145,PR16,2026-07-01,4782.0
P0145,PR16,2026-08-01,4787.0
P0145,PR16,2026-09-01,4781.0
P0146,PR05,2025-10-01,17910.0
P0146,PR05,2025-11-01,17838.0
P0146,PR05,2025-12-01,17798.0
P0146,PR05,2026-01-01,17784.0
P0146,PR05,2026-02-01,17756.0
P0146,PR05,2026-03-01,17788.0
P0146,PR05,2026-04-01,17805.0
P0146,PR05,2026-05-01,17754.0
P0146,PR05,2026-06-01,17849.0
P0146,PR05,2026-07-01,17937.0
P0146,PR05,2026-08-01,17847.0
P0146,PR05,2026-09-01,18018.0
P0147,PR17,2025-10-01,26870.0
P0147,PR17,2025-11-01,26930.0
P0147,PR17,2025-12-01,27114.0
P0147,PR17,2026-01-01,27090.0
P0147,PR17,2026-02-01,27010.0
P0147,PR17,2026-03-01,27108.0
P0147,PR17,2026-04-01,27039.0
P0147,PR17,2026-05-01,27293.0
P0147,PR17,2026-06-01,27733.0
P0147,PR17,2026-07-01,27954.0
P0147,PR17,2026-08-01,28052.0
P0147,PR17,2026-09-01,28080.0
P0148,PR35,2025-10-01,6210.0
P0148,PR35,2025-11-01,6201.0
P0148,PR35,2025-12-01,6214.0
P0148,PR35,2026-01-01,6205.0
P0148,PR35,2026-02-01,6204.0
P0148,PR35,2026-03-01,6274.0
P0148,PR35,2026-04-01,6282.0
P0148,PR35,2026-05-01,6332.0
P0148,PR35,2026-06-01,6393.0
P0148,PR35,2026-07-01,6421.0
P0148,PR35,2026-08-01,6458.0
P0148,PR35,2026-09-01,6487.0
P0149,PR40,2025-10-01,9180.0
P0149,PR40,2025-11-01,9168.0
P0149,PR40,2025-12-01,9187.0
P0149,PR40,2026-01-01,9256.0
P0149,PR40,2026-02-01,9215.0
P0149,PR40,2026-03-01,9220.0
P0149,PR40,2026-04-01,9275.0
P0149,PR40,2026-05-01,9339.0
P0149,PR40,2026-06-01,9374.0
P0149,PR40,2026-07-01,9388.0
P0149,PR40,2026-08-01,9445.0
P0149,PR40,2026-09-01,9494.0
P0150,PR05,2025-10-01,4820.0
P0150,PR05,2025-11-01,4838.0
P0150,PR05,2025-12-01,4857.0
P0150,PR05,2026-01-01,4884.0
P0150,PR05,2026-02-01,4884.0
P0150,PR05,2026-03-01,4930.0
P0150,PR05,2026-04-01,4985.0
P0150,PR05,2026-05-01,4996.0
P0150,PR05,2026-06-01,4945.0
P0150,PR05,2026-07-01,4927.0
P0150,PR05,2026-08-01,4965.0
P0150,PR05,2026-09-01,4954.0
P0151,PR17,2025-10-01,24550.0
P0151,PR17,2025-11-01,24705.0
P0151,PR17,2025-12-01,24607.0
P0151,PR17,2026-01-01,24777.0
P0151,PR17,2026-02-01,24881.0
P0151,PR17,2026-03-01,24972.0
P0151,PR17,2026-04-01,25000.0
P0151,PR17,2026-05-01,25147.0
P0151,PR17,2026-06-01,25063.0
P0151,PR17,2026-07-01,25198.0
P0151,PR17,2026-08-01,25249.0
P0151,PR17,2026-09-01,25583.0
P0152,PR35,2025-10-01,25530.0
P0152,PR35,2025-11-01,25311.0
P0152,PR35,2025-12-01,25428.0
P0152,PR35,2026-01-01,25411.0
P0152,PR35,2026-02-01,25575.0
P0152,PR35,2026-03-01,25808.0
P0152,PR35,2026-04-01,25682.0
P0152,PR35,2026-05-01,25987.0
P0152,PR35,2026-06-01,26008.0
P0152,PR35,2026-07-01,26060.0
P0152,PR35,2026-08-01,26040.0
P0152,PR35,2026-09-01,25774.0
P0153,PR40,2025-10-01,23340.0
P0153,PR40,2025-11-01,23349.0
P0153,PR40,2025-12-01,23251.0
P0153,PR40,2026-01-01,23099.0
P0153,PR40,2026-02-01,23335.0
P0153,PR40,2026-03-01,23568.0
P0153,PR40,2026-04-01,23690.0
P0153,PR40,2026-05-01,23635.0
P0153,PR40,2026-06-01,23875.0
P0153,PR40,2026-07-01,23970.0
P0153,PR40,2026-08-01,24015.0
P0153,PR40,2026-09-01,23978.0
P0154,PR05,2025-10-01,11870.0
P0154,PR05,2025-11-01,11919.0
P0154,PR05,2025-12-01,11943.0
P0154,PR05,2026-01-01,11958.0
P0154,PR05,2026-02-01,11974.0
P0154,PR05,2026-03-01,12061.0
P0154,PR05,2026-04-01,12141.0
P0154,PR05,2026-05-01,12280.0
P0154,PR05,2026-06-01,12300.0
P0154,PR05,2026-07-01,12252.0
P0154,PR05,2026-08-01,12305.0
P0154,PR05,2026-09-01,12226.0
P0155,PR17,2025-10-01,7950.0
P0155,PR17,2025-11-01,7933.0
P0155,PR17,2025-12-01,8009.0
P0155,PR17,2026-01-01,8114.0
P0155,PR17,2026-02-01,8165.0
P0155,PR17,2026-03-01,8201.0
P0155,PR17,2026-04-01,8213.0
P0155,PR17,2026-05-01,8246.0
P0155,PR17,2026-06-01,8277.0
P0155,PR17,2026-07-01,8320.0
P0155,PR17,2026-08-01,8309.0
P0155,PR17,2026-09-01,8347.0
P0156,PR35,2025-10-01,27450.0
P0156,PR35,2025-11-01,27314.0
P0156,PR35,2025-12-01,27146.0
P0156,PR35,2026-01-01,27421.0
P0156,PR35,2026-02-01,28006.0
P0156,PR35,2026-03-01,28134.0
P0156,PR35,2026-04-01,28239.0
P0156,PR35,2026-05-01,28565.0
P0156,PR35,2026-06-01,28435.0
P0156,PR35,2026-07-01,28265.0
P0156,PR35,2026-08-01,28485.0
P0156,PR35,2026-09-01,28825.0
P0157,PR40,2025-10-01,22210.0
P0157,PR40,2025-11-01,22365.0
P0157,PR40,2025-12-01,22416.0
P0157,PR40,2026-01-01,22732.0
P0157,PR40,2026-02-01,22741.0
P0157,PR40,2026-03-01,22802.0
P0157,PR40,2026-04-01,22819.0
P0157,PR40,2026-05-01,22735.0
P0157,PR40,2026-06-01,22783.0
P0157,PR40,2026-07-01,22845.0
P0157,PR40,2026-08-01,22909.0
P0157,PR40,2026-09-01,23066.0
P0158,PR05,2025-10-01,7950.0
P0158,PR05,2025-11-01,7949.0
P0158,PR05,2025-12-01,8037.0
P0158,PR05,2026-01-01,8050.0
P0158,PR05,2026-02-01,8027.0
P0158,PR05,2026-03-01,8001.0
P0158,PR05,2026-04-01,8009.0
P0158,PR05,2026-05-01,8027.0
P0158,PR05,2026-06-01,8074.0
P0158,PR05,2026-07-01,8108.0
P0158,PR05,2026-08-01,8189.0
P0158,PR05,2026-09-01,8195.0
P0159,PR17,2025-10-01,12730.0
P0159,PR17,2025-11-01,12825.0
P0159,PR17,2025-12-01,12877.0
P0159,PR17,2026-01-01,12971.0
P0159,PR17,2026-02-01,12960.0
P0159,PR17,2026-03-01,13073.0
P0159,PR17,2026-04-01,13039.0
P0159,PR17,2026-05-01,13257.0
P0159,PR17,2026-06-01,13180.0
P0159,PR17,2026-07-01,13189.0
P0159,PR17,2026-08-01,13229.0
P0159,PR17,2026-09-01,13395.0
P0160,PR35,2025-10-01,11590.0
P0160,PR35,2025-11-01,11751.0
P0160,PR35,2025-12-01,11722.0
P0160,PR35,2026-01-01,11847.0
P0160,PR35,2026-02-01,11787.0
P0160,PR35,2026-03-01,11957.0
P0160,PR35,2026-04-01,11964.0
P0160,PR35,2026-05-01,12046.0
P0160,PR35,2026-06-01,12105.0
P0160,PR35,2026-07-01,12086.0
P0160,PR35,2026-08-01,12133.0
P0160,PR35,2026-09-01,12206.0
P0161,PR40,2025-10-01,23020.0
P0161,PR40,2025-11-01,22940.0
P0161,PR40,2025-12-01,23075.0
P0161,PR40,2026-01-01,23136.0
P0161,PR40,2026-02-01,23111.0
P0161,PR40,2026-03-01,23338.0
P0161,PR40,2026-04-01,23321.0
P0161,PR40,2026-05-01,23174.0
P0161,PR40,2026-06-01,23354.0
P0161,PR40,2026-07-01,23300.0
P0161,PR40,2026-08-01,23396.0
P0161,PR40,2026-09-01,23343.0
P0162,PR05,2025-10-01,11710.0
P0162,PR05,2025-11-01,11842.0
P0162,PR05,2025-12-01,11896.0
P0162,PR05,2026-01-01,11989.0
P0162,PR05,2026-02-01,11988.0
P0162,PR05,2026-03-01,11961.0
P0162,PR05,2026-04-01,11997.0
P0162,PR05,2026-05-01,12083.0
P0162,PR05,2026-06-01,12171.0
P0162,PR05,2026-07-01,12327.0
P0162,PR05,2026-08-01,12393.0
P0162,PR05,2026-09-01,12554.0
P0163,PR17,2025-10-01,11280.0
P0163,PR17,2025-11-01,11245.0
P0163,PR17,2025-12-01,11261.0
P0163,PR17,2026-01-01,11235.0
P0163,PR17,2026-02-01,11285.0
P0163,PR17,2026-03-01,11262.0
P0163,PR17,2026-04-01,11336.0
P0163,PR17,2026-05-01,11376.0
P0163,PR17,2026-06-01,11433.0
P0163,PR17,2026-07-01,11494.0
P0163,PR17,2026-08-01,11514.0
P0163,PR17,2026-09-01,11628.0
P0164,PR35,2025-10-01,8030.0
P0164,PR35,2025-11-01,8160.0
P0164,PR35,2025-12-01,8215.0
P0164,PR35,2026-01-01,8253.0
P0164,PR35,2026-02-01,8310.0
P0164,PR35,2026-03-01,8311.0
P0164,PR35,2026-04-01,8299.0
P0164,PR35,2026-05-01,8297.0
P0164,PR35,2026-06-01,8351.0
P0164,PR35,2026-07-01,8397.0
P0164,PR35,2026-08-01,8506.0
P0164,PR35,2026-09-01,8466.0
P0165,PR40,2025-10-01,20020.0
P0165,PR40,2025-11-01,20158.0
P0165,PR40,2025-12-01,20401.0
P0165,PR40,2026-01-01,20329.0
P0165,PR40,2026-02-01,20509.0
P0165,PR40,2026-03-01,20654.0
P0165,PR40,2026-04-01,20732.0
P0165,PR40,2026-05-01,20618.0
P0165,PR40,2026-06-01,20604.0
P0165,PR40,2026-07-01,20780.0
P0165,PR40,2026-08-01,20979.0
P0165,PR40,2026-09-01,21038.0
P0166,PR05,2025-10-01,7940.0
P0166,PR05,2025-11-01,7958.0
P0166,PR05,2025-12-01,8048.0
P0166,PR05,2026-01-01,8087.0
P0166,PR05,2026-02-01,8144.0
P0166,PR05,2026-03-01,8210.0
P0166,PR05,2026-04-01,8151.0
P0166,PR05,2026-05-01,8331.0
P0166,PR05,2026-06-01,8392.0
P0166,PR05,2026-07-01,8520.0
P0166,PR05,2026-08-01,8516.0
P0166,PR05,2026-09-01,8466.0
P0167,PR17,2025-10-01,12680.0
P0167,PR17,2025-11-01,12771.0
P0167,PR17,2025-12-01,12696.0
P0167,PR17,2026-01-01,12694.0
P0167,PR17,2026-02-01,12736.0
P0167,PR17,2026-03-01,12685.0
P0167,PR17,2026-04-01,12738.0
P0167,PR17,2026-05-01,12784.0
P0167,PR17,2026-06-01,12812.0
P0167,PR17,2026-07-01,12819.0
P0167,PR17,2026-08-01,12968.0
P0167,PR17,2026-09-01,13019.0
P0168,PR35,2025-10-01,10750.0
P0168,PR35,2025-11-01,10804.0
P0168,PR35,2025-12-01,10871.0
P0168,PR35,2026-01-01,10865.0
P0168,PR35,2026-02-01,10888.0
P0168,PR35,2026-03-01,11078.0
P0168,PR35,2026-04-01,11077.0
P0168,PR35,2026-05-01,11224.0
P0168,PR35,2026-06-01,11147.0
P0168,PR35,2026-07-01,11202.0
P0168,PR35,2026-08-01,11208.0
P0168,PR35,2026-09-01,11268.0
P0169,PR40,2025-10-01,9660.0
P0169,PR40,2025-11-01,9733.0
P0169,PR40,2025-12-01,9801.0
P0169,PR40,2026-01-01,9792.0
P0169,PR40,2026-02-01,9766.0
P0169,PR40,2026-03-01,9834.0
P0169,PR40,2026-04-01,9942.0
P0169,PR40,2026-05-01,10015.0
P0169,PR40,2026-06-01,10137.0
P0169,PR40,2026-07-01,10133.0
P0169,PR40,2026-08-01,10114.0
P0169,PR40,2026-09-01,10127.0
P0170,PR05,2025-10-01,24690.0
P0170,PR05,2025-11-01,24924.0
P0170,PR05,2025-12-01,24965.0
P0170,PR05,2026-01-01,24894.0
P0170,PR05,2026-02-01,25106.0
P0170,PR05,2026-03-01,25111.0
P0170,PR05,2026-04-01,25095.0
P0170,PR05,2026-05-01,24991.0
P0170,PR05,2026-06-01,25157.0
P0170,PR05,2026-07-01,25263.0
P0170,PR05,2026-08-01,25497.0
P0170,PR05,2026-09-01,25532.0
P0171,PR17,2025-10-01,5210.0
P0171,PR17,2025-11-01,5235.0
P0171,PR17,2025-12-01,5291.0
P0171,PR17,2026-01-01,5281.0
P0171,PR17,2026-02-01,5360.0
P0171,PR17,2026-03-01,5385.0
P0171,PR17,2026-04-01,5400.0
P0171,PR17,2026-05-01,5437.0
P0171,PR17,2026-06-01,5466.0
P0171,PR17,2026-07-01,5476.0
P0171,PR17,2026-08-01,5501.0
P0171,PR17,2026-09-01,5547.0
P0172,PR35,2025-10-01,11540.0
P0172,PR35,2025-11-01,11698.0
P0172,PR35,2025-12-01,11825.0
P0172,PR35,2026-01-01,11965.0
P0172,PR35,2026-02-01,12068.0
P0172,PR35,2026-03-01,12122.0
P0172,PR35,2026-04-01,12097.0
P0172,PR35,2026-05-01,12128.0
P0172,PR35,2026-06-01,12128.0
P0172,PR35,2026-07-01,12225.0
P0172,PR35,2026-08-01,12101.0
P0172,PR35,2026-09-01,12121.0
P0173,PR40,2025-10-01,8560.0
P0173,PR40,2025-11-01,8620.0
P0173,PR40,2025-12-01,8671.0
P0173,PR40,2026-01-01,8724.0
P0173,PR40,2026-02-01,8776.0
P0173,PR40,2026-03-01,8738.0
P0173,PR40,2026-04-01,8842.0
P0173,PR40,2026-05-01,8921.0
P0173,PR40,2026-06-01,9022.0
P0173,PR40,2026-07-01,9070.0
P0173,PR40,2026-08-01,9086.0
P0173,PR40,2026-09-01,9168.0
P0174,PR05,2025-10-01,4960.0
P0174,PR05,2025-11-01,4961.0
P0174,PR05,2025-12-01,4949.0
P0174,PR05,2026-01-01,4912.0
P0174,PR05,2026-02-01,4906.0
P0174,PR05,2026-03-01,4918.0
P0174,PR05,2026-04-01,4892.0
P0174,PR05,2026-05-01,4860.0
P0174,PR05,2026-06-01,4860.0
P0174,PR05,2026-07-01,4907.0
P0174,PR05,2026-08-01,4915.0
P0174,PR05,2026-09-01,4940.0
P0175,PR17,2025-10-01,5840.0
P0175,PR17,2025-11-01,5823.0
P0175,PR17,2025-12-01,5848.0
P0175,PR17,2026-01-01,5888.0
P0175,PR17,2026-02-01,5863.0
P0175,PR17,2026-03-01,5866.0
P0175,PR17,2026-04-01,5873.0
P0175,PR17,2026-05-01,5907.0
P0175,PR17,2026-06-01,5906.0
P0175,PR17,2026-07-01,5867.0
P0175,PR17,2026-08-01,5868.0
P0175,PR17,2026-09-01,5938.0
P0176,PR07,2025-10-01,18250.0
P0176,PR07,2025-11-01,18458.0
P0176,PR07,2025-12-01,18460.0
P0176,PR07,2026-01-01,18432.0
P0176,PR07,2026-02-01,18388.0
P0176,PR07,2026-03-01,18408.0
P0176,PR07,2026-04-01,18492.0
P0176,PR07,2026-05-01,18643.0
P0176,PR07,2026-06-01,18896.0
P0176,PR07,2026-07-01,18941.0
P0176,PR07,2026-08-01,19206.0
P0176,PR07,2026-09-01,19398.0
P0177,PR18,2025-10-01,22760.0
P0177,PR18,2025-11-01,22806.0
P0177,PR18,2025-12-01,22694.0
P0177,PR18,2026-01-01,22763.0
P0177,PR18,2026-02-01,23059.0
P0177,PR18,2026-03-01,23119.0
P0177,PR18,2026-04-01,23444.0
P0177,PR18,2026-05-01,23377.0
P0177,PR18,2026-06-01,23718.0
P0177,PR18,2026-07-01,23736.0
P0177,PR18,2026-08-01,23692.0
P0177,PR18,2026-09-01,23705.0
P0178,PR07,2025-10-01,16190.0
P0178,PR07,2025-11-01,16191.0
P0178,PR07,2025-12-01,16098.0
P0178,PR07,2026-01-01,16071.0
P0178,PR07,2026-02-01,15905.0
P0178,PR07,2026-03-01,16079.0
P0178,PR07,2026-04-01,16195.0
P0178,PR07,2026-05-01,16198.0
P0178,PR07,2026-06-01,16182.0
P0178,PR07,2026-07-01,16375.0
P0178,PR07,2026-08-01,16333.0
P0178,PR07,2026-09-01,16483.0
P0179,PR18,2025-10-01,14700.0
P0179,PR18,2025-11-01,14870.0
P0179,PR18,2025-12-01,14989.0
P0179,PR18,2026-01-01,15045.0
P0179,PR18,2026-02-01,15161.0
P0179,PR18,2026-03-01,15204.0
P0179,PR18,2026-04-01,15361.0
P0179,PR18,2026-05-01,15358.0
P0179,PR18,2026-06-01,15586.0
P0179,PR18,2026-07-01,15720.0
P0179,PR18,2026-08-01,15764.0
P0179,PR18,2026-09-01,15934.0
P0180,PR07,2025-10-01,56950.0
P0180,PR07,2025-11-01,57524.0
P0180,PR07,2025-12-01,57627.0
P0180,PR07,2026-01-01,57465.0
P0180,PR07,2026-02-01,57242.0
P0180,PR07,2026-03-01,57216.0
P0180,PR07,2026-04-01,57346.0
P0180,PR07,2026-05-01,57506.0
P0180,PR07,2026-06-01,58518.0
P0180,PR07,2026-07-01,58734.0
P0180,PR07,2026-08-01,59005.0
P0180,PR07,2026-09-01,59026.0
P0181,PR18,2025-10-01,59340.0
P0181,PR18,2025-11-01,60077.0
P0181,PR18,2025-12-01,59802.0
P0181,PR18,2026-01-01,60123.0
P0181,PR18,2026-02-01,60325.0
P0181,PR18,2026-03-01,60518.0
P0181,PR18,2026-04-01,60768.0
P0181,PR18,2026-05-01,60800.0
P0181,PR18,2026-06-01,60648.0
P0181,PR18,2026-07-01,61260.0
P0181,PR18,2026-08-01,61996.0
P0181,PR18,2026-09-01,62484.0
P0182,PR07,2025-10-01,11370.0
P0182,PR07,2025-11-01,11500.0
P0182,PR07,2025-12-01,11557.0
P0182,PR07,2026-01-01,11446.0
P0182,PR07,2026-02-01,11421.0
P0182,PR07,2026-03-01,11499.0
P0182,PR07,2026-04-01,11384.0
P0182,PR07,2026-05-01,11437.0
P0182,PR07,2026-06-01,11505.0
P0182,PR07,2026-07-01,11570.0
P0182,PR07,2026-08-01,11541.0
P0182,PR07,2026-09-01,11561.0
P0183,PR18,2025-10-01,20200.0
P0183,PR18,2025-11-01,20238.0
P0183,PR18,2025-12-01,20345.0
P0183,PR18,2026-01-01,20391.0
P0183,PR18,2026-02-01,20259.0
P0183,PR18,2026-03-01,20623.0
P0183,PR18,2026-04-01,20743.0
P0183,PR18,2026-05-01,20794.0
P0183,PR18,2026-06-01,20809.0
P0183,PR18,2026-07-01,20983.0
P0183,PR18,2026-08-01,21091.0
P0183,PR18,2026-09-01,21227.0
P0184,PR07,2025-10-01,11700.0
P0184,PR07,2025-11-01,11641.0
P0184,PR07,2025-12-01,11542.0
P0184,PR07,2026-01-01,11679.0
P0184,PR07,2026-02-01,11739.0
P0184,PR07,2026-03-01,11804.0
P0184,PR07,2026-04-01,11931.0
P0184,PR07,2026-05-01,11950.0
P0184,PR07,2026-06-01,12032.0
P0184,PR07,2026-07-01,11949.0
P0184,PR07,2026-08-01,11989.0
P0184,PR07,2026-09-01,12029.0
P0185,PR18,2025-10-01,38660.0
P0185,PR18,2025-11-01,39037.0
P0185,PR18,2025-12-01,39082.0
P0185,PR18,2026-01-01,39716.0
P0185,PR18,2026-02-01,39261.0
P0185,PR18,2026-03-01,39664.0
P0185,PR18,2026-04-01,39399.0
P0185,PR18,2026-05-01,39784.0
P0185,PR18,2026-06-01,40127.0
P0185,PR18,2026-07-01,40124.0
P0185,PR18,2026-08-01,40187.0
P0185,PR18,2026-09-01,40281.0
P0186,PR07,2025-10-01,19190.0
P0186,PR07,2025-11-01,19355.0
P0186,PR07,2025-12-01,19370.0
P0186,PR07,2026-01-01,19484.0
P0186,PR07,2026-02-01,19570.0
P0186,PR07,2026-03-01,19724.0
P0186,PR07,2026-04-01,19824.0
P0186,PR07,2026-05-01,19955.0
P0186,PR07,2026-06-01,20122.0
P0186,PR07,2026-07-01,20287.0
P0186,PR07,2026-08-01,20450.0
P0186,PR07,2026-09-01,20510.0
P0187,PR18,2025-10-01,13610.0
P0187,PR18,2025-11-01,13657.0
P0187,PR18,2025-12-01,13650.0
P0187,PR18,2026-01-01,13755.0
P0187,PR18,2026-02-01,13733.0
P0187,PR18,2026-03-01,13768.0
P0187,PR18,2026-04-01,13815.0
P0187,PR18,2026-05-01,13917.0
P0187,PR18,2026-06-01,14013.0
P0187,PR18,2026-07-01,14128.0
P0187,PR18,2026-08-01,14201.0
P0187,PR18,2026-09-01,14143.0
P0188,PR07,2025-10-01,18010.0
P0188,PR07,2025-11-01,18030.0
P0188,PR07,2025-12-01,18120.0
P0188,PR07,2026-01-01,18231.0
P0188,PR07,2026-02-01,18222.0
P0188,PR07,2026-03-01,18229.0
P0188,PR07,2026-04-01,18290.0
P0188,PR07,2026-05-01,18236.0
P0188,PR07,2026-06-01,18289.0
P0188,PR07,2026-07-01,18483.0
P0188,PR07,2026-08-01,18422.0
P0188,PR07,2026-09-01,18347.0
P0189,PR18,2025-10-01,14850.0
P0189,PR18,2025-11-01,14999.0
P0189,PR18,2025-12-01,15045.0
P0189,PR18,2026-01-01,15245.0
P0189,PR18,2026-02-01,15185.0
P0189,PR18,2026-03-01,15334.0
P0189,PR18,2026-04-01,15420.0
P0189,PR18,2026-05-01,15373.0
P0189,PR18,2026-06-01,15467.0
P0189,PR18,2026-07-01,15727.0
P0189,PR18,2026-08-01,15870.0
P0189,PR18,2026-09-01,15954.0
P0190,PR07,2025-10-01,39540.0
P0190,PR07,2025-11-01,39616.0
P0190,PR07,2025-12-01,39469.0
P0190,PR07,2026-01-01,39317.0
P0190,PR07,2026-02-01,39386.0
P0190,PR07,2026-03-01,39752.0
P0190,PR07,2026-04-01,39873.0
P0190,PR07,2026-05-01,40423.0
P0190,PR07,2026-06-01,40360.0
P0190,PR07,2026-07-01,40266.0
P0190,PR07,2026-08-01,40444.0
P0190,PR07,2026-09-01,40590.0
P0191,PR06,2025-10-01,4930.0
P0191,PR06,2025-11-01,4995.0
P0191,PR06,2025-12-01,5034.0
P0191,PR06,2026-01-01,5056.0
P0191,PR06,2026-02-01,5054.0
P0191,PR06,2026-03-01,5095.0
P0191,PR06,2026-04-01,5189.0
P0191,PR06,2026-05-01,5214.0
P0191,PR06,2026-06-01,5196.0
P0191,PR06,2026-07-01,5169.0
P0191,PR06,2026-08-01,5180.0
P0191,PR06,2026-09-01,5208.0
P0192,PR19,2025-10-01,7770.0
P0192,PR19,2025-11-01,7769.0
P0192,PR19,2025-12-01,7781.0
P0192,PR19,2026-01-01,7790.0
P0192,PR19,2026-02-01,7882.0
P0192,PR19,2026-03-01,7855.0
P0192,PR19,2026-04-01,7865.0
P0192,PR19,2026-05-01,7948.0
P0192,PR19,2026-06-01,8052.0
P0192,PR19,2026-07-01,8058.0
P0192,PR19,2026-08-01,8083.0
P0192,PR19,2026-09-01,8206.0
P0193,PR37,2025-10-01,3010.0
P0193,PR37,2025-11-01,3046.0
P0193,PR37,2025-12-01,3044.0
P0193,PR37,2026-01-01,3040.0
P0193,PR37,2026-02-01,3055.0
P0193,PR37,2026-03-01,3051.0
P0193,PR37,2026-04-01,3057.0
P0193,PR37,2026-05-01,3077.0
P0193,PR37,2026-06-01,3060.0
P0193,PR37,2026-07-01,3077.0
P0193,PR37,2026-08-01,3099.0
P0193,PR37,2026-09-01,3109.0
P0194,PR06,2025-10-01,12220.0
P0194,PR06,2025-11-01,12333.0
P0194,PR06,2025-12-01,12340.0
P0194,PR06,2026-01-01,12372.0
P0194,PR06,2026-02-01,12293.0
P0194,PR06,2026-03-01,12128.0
P0194,PR06,2026-04-01,12100.0
P0194,PR06,2026-05-01,12145.0
P0194,PR06,2026-06-01,12194.0
P0194,PR06,2026-07-01,12222.0
P0194,PR06,2026-08-01,12250.0
P0194,PR06,2026-09-01,12291.0
P0195,PR19,2025-10-01,1130.0
P0195,PR19,2025-11-01,1135.0
P0195,PR19,2025-12-01,1134.0
P0195,PR19,2026-01-01,1128.0
P0195,PR19,2026-02-01,1137.0
P0195,PR19,2026-03-01,1132.0
P0195,PR19,2026-04-01,1147.0
P0195,PR19,2026-05-01,1144.0
P0195,PR19,2026-06-01,1146.0
P0195,PR19,2026-07-01,1157.0
P0195,PR19,2026-08-01,1158.0
P0195,PR19,2026-09-01,1154.0
P0196,PR37,2025-10-01,1120.0
P0196,PR37,2025-11-01,1123.0
P0196,PR37,2025-12-01,1133.0
P0196,PR37,2026-01-01,1138.0
P0196,PR37,2026-02-01,1141.0
P0196,PR37,2026-03-01,1144.0
P0196,PR37,2026-04-01,1157.0
P0196,PR37,2026-05-01,1153.0
P0196,PR37,2026-06-01,1159.0
P0196,PR37,2026-07-01,1180.0
P0196,PR37,2026-08-01,1184.0
P0196,PR37,2026-09-01,1195.0
P0197,PR06,2025-10-01,3360.0
P0197,PR06,2025-11-01,3359.0
P0197,PR06,2025-12-01,3361.0
P0197,PR06,2026-01-01,3375.0
P0197,PR06,2026-02-01,3386.0
P0197,PR06,2026-03-01,3380.0
P0197,PR06,2026-04-01,3409.0
P0197,PR06,2026-05-01,3412.0
P0197,PR06,2026-06-01,3440.0
P0197,PR06,2026-07-01,3451.0
P0197,PR06,2026-08-01,3493.0
P0197,PR06,2026-09-01,3503.0
P0198,PR19,2025-10-01,1870.0
P0198,PR19,2025-11-01,1868.0
P0198,PR19,2025-12-01,1888.0
P0198,PR19,2026-01-01,1879.0
P0198,PR19,2026-02-01,1882.0
P0198,PR19,2026-03-01,1886.0
P0198,PR19,2026-04-01,1905.0
P0198,PR19,2026-05-01,1917.0
P0198,PR19,2026-06-01,1927.0
P0198,PR19,2026-07-01,1953.0
P0198,PR19,2026-08-01,1962.0
P0198,PR19,2026-09-01,1953.0
P0199,PR37,2025-10-01,1410.0
P0199,PR37,2025-11-01,1406.0
P0199,PR37,2025-12-01,1399.0
P0199,PR37,2026-01-01,1404.0
P0199,PR37,2026-02-01,1408.0
P0199,PR37,2026-03-01,1416.0
P0199,PR37,2026-04-01,1423.0
P0199,PR37,2026-05-01,1430.0
P0199,PR37,2026-06-01,1450.0
P0199,PR37,2026-07-01,1458.0
P0199,PR37,2026-08-01,1456.0
P0199,PR37,2026-09-01,1457.0
P0200,PR06,2025-10-01,4640.0
P0200,PR06,2025-11-01,4643.0
P0200,PR06,2025-12-01,4658.0
P0200,PR06,2026-01-01,4634.0
P0200,PR06,2026-02-01,4680.0
P0200,PR06,2026-03-01,4662.0
P0200,PR06,2026-04-01,4692.0
P0200,PR06,2026-05-01,4733.0
P0200,PR06,2026-06-01,4770.0
P0200,PR06,2026-07-01,4793.0
P0200,PR06,2026-08-01,4811.0
P0200,PR06,2026-09-01,4876.0
