sku,fecha_vigencia,precio_lista
P0001,2025-10-01,42350.0
P0001,2026-01-15,44260.0
P0002,2025-10-01,19010.0
P0002,2026-01-15,19870.0
P0003,2025-10-01,13740.0
P0003,2026-01-15,14360.0
P0004,2025-10-01,35450.0
P0004,2026-01-15,37050.0
P0005,2025-10-01,38150.0
P0005,2026-01-15,39870.0
P0006,2025-10-01,12930.0
P0006,2026-01-15,13510.0
P0007,2025-10-01,79120.0
P0007,2026-01-15,82680.0
P0008,2025-10-01,37460.0
P0008,2026-01-15,39150.0
P0009,2025-10-01,48710.0
P0009,2026-01-15,50900.0
P0010,2025-10-01,12550.0
P0010,2026-01-15,13110.0
P0011,2025-10-01,20990.0
P0011,2026-01-15,21930.0
P0012,2025-10-01,16640.0
P0012,2026-01-15,17390.0
P0013,2025-10-01,65220.0
P0013,2026-01-15,68150.0
P0014,2025-10-01,24860.0
P0014,2026-01-15,25980.0
P0015,2025-10-01,18720.0
P0015,2026-01-15,19560.0
P0016,2025-10-01,59370.0
P0016,2026-01-15,62040.0
P0017,2025-10-01,27280.0
P0017,2026-01-15,28510.0
P0018,2025-10-01,20840.0
P0018,2026-01-15,21780.0
P0019,2025-10-01,12550.0
P0019,2026-01-15,13110.0
P0020,2025-10-01,34260.0
P0020,2026-01-15,35800.0
P0021,2025-10-01,26040.0
P0021,2026-01-15,27210.0
P0022,2025-10-01,33680.0
P0022,2026-01-15,35200.0
P0023,2025-10-01,23030.0
P0023,2026-01-15,24070.0
P0024,2025-10-01,89910.0
P0024,2026-01-15,93960.0
P0025,2025-10-01,20550.0
P0025,2026-01-15,21470.0
P0026,2025-10-01,30810.0
P0026,2026-01-15,32200.0
P0027,2025-10-01,41080.0
P0027,2026-01-15,42930.0
P0028,2025-10-01,24120.0
P0028,2026-01-15,25210.0
P0029,2025-10-01,33210.0
P0029,2026-01-15,34700.0
P0030,2025-10-01,36590.0
P0030,2026-01-15,38240.0
P0031,2025-10-01,15880.0
P0031,2026-01-15,16590.0
P0032,2025-10-01,13580.0
P0032,2026-01-15,14190.0
P0033,2025-10-01,7650.0
P0033,2026-01-15,7990.0
P0034,2025-10-01,6870.0
P0034,2026-01-15,7180.0
P0035,2025-10-01,7230.0
P0035,2026-01-15,7560.0
P0036,2025-10-01,14580.0
P0036,2026-01-15,15240.0
P0037,2025-10-01,8010.0
P0037,2026-01-15,8370.0
P0038,2025-10-01,6110.0
P0038,2026-01-15,6380.0
P0039,2025-10-01,28000.0
P0039,2026-01-15,29260.0
P0040,2025-10-01,22080.0
P0040,2026-01-15,23070.0
P0041,2025-10-01,5180.0
P0041,2026-01-15,5410.0
P0042,2025-10-01,20920.0
P0042,2026-01-15,21860.0
P0043,2025-10-01,15220.0
P0043,2026-01-15,15900.0
P0044,2025-10-01,6090.0
P0044,2026-01-15,6360.0
P0045,2025-10-01,5350.0
P0045,2026-01-15,5590.0
P0046,2025-10-01,6940.0
P0046,2026-01-15,7250.0
P0047,2025-10-01,8370.0
P0047,2026-01-15,8750.0
P0048,2025-10-01,32550.0
P0048,2026-01-15,34010.0
P0049,2025-10-01,4220.0
P0049,2026-01-15,4410.0
P0050,2025-10-01,25910.0
P0050,2026-01-15,27080.0
P0051,2025-10-01,22570.0
P0051,2026-01-15,23590.0
P0052,2025-10-01,9920.0
P0052,2026-01-15,10370.0
P0053,2025-10-01,22870.0
P0053,2026-01-15,23900.0
P0054,2025-10-01,5610.0
P0054,2026-01-15,5860.0
P0055,2025-10-01,14200.0
P0055,2026-01-15,14840.0
P0056,2025-10-01,9370.0
P0056,2026-01-15,9790.0
P0057,2025-10-01,18160.0
P0057,2026-01-15,18980.0
P0058,2025-10-01,26370.0
P0058,2026-01-15,27560.0
P0059,2025-10-01,5440.0
P0059,2026-01-15,5680.0
P0060,2025-10-01,4940.0
P0060,2026-01-15,5160.0
P0061,2025-10-01,25010.0
P0061,2026-01-15,26140.0
P0062,2025-10-01,11570.0
P0062,2026-01-15,12090.0
P0063,2025-10-01,4390.0
P0063,2026-01-15,4590.0
P0064,2025-10-01,32750.0
P0064,2026-01-15,34220.0
P0065,2025-10-01,18850.0
P0065,2026-01-15,19700.0
P0066,2025-10-01,20960.0
P0066,2026-01-15,21900.0
P0067,2025-10-01,21810.0
P0067,2026-01-15,22790.0
P0068,2025-10-01,5350.0
P0068,2026-01-15,5590.0
P0069,2025-10-01,4390.0
P0069,2026-01-15,4590.0
P0070,2025-10-01,2980.0
P0070,2026-01-15,3110.0
P0071,2025-10-01,18540.0
P0071,2026-01-15,19370.0
P0072,2025-10-01,5540.0
P0072,2026-01-15,5790.0
P0073,2025-10-01,2840.0
P0073,2026-01-15,2970.0
P0074,2025-10-01,20820.0
P0074,2026-01-15,21760.0
P0075,2025-10-01,17700.0
P0075,2026-01-15,18500.0
P0076,2025-10-01,4880.0
P0076,2026-01-15,5100.0
P0077,2025-10-01,4900.0
P0077,2026-01-15,5120.0
P0078,2025-10-01,16290.0
P0078,2026-01-15,17020.0
P0079,2025-10-01,14660.0
P0079,2026-01-15,15320.0
P0080,2025-10-01,8200.0
P0080,2026-01-15,8570.0
P0081,2025-10-01,25760.0
P0081,2026-01-15,26920.0
P0082,2025-10-01,10570.0
P0082,2026-01-15,11050.0
P0083,2025-10-01,6680.0
P0083,2026-01-15,6980.0
P0084,2025-10-01,5170.0
P0084,2026-01-15,5400.0
P0085,2025-10-01,12750.0
P0085,2026-01-15,13320.0
P0086,2025-10-01,5950.0
P0086,2026-01-15,6220.0
P0087,2025-10-01,5520.0
P0087,2026-01-15,5770.0
P0088,2025-10-01,24420.0
P0088,2026-01-15,25520.0
P0089,2025-10-01,8470.0
P0089,2026-01-15,8850.0
P0090,2025-10-01,12880.0
P0090,2026-01-15,13460.0
P0091,2025-10-01,5580.0
P0091,2026-01-15,5830.0
P0092,2025-10-01,11250.0
P0092,2026-01-15,11760.0
P0093,2025-10-01,6140.0
P0093,2026-01-15,6420.0
P0094,2025-10-01,4050.0
P0094,2026-01-15,4230.0
P0095,2025-10-01,10310.0
P0095,2026-01-15,10770.0
P0096,2025-10-01,22820.0
P0096,2026-01-15,23850.0
P0097,2025-10-01,5880.0
P0097,2026-01-15,6140.0
P0098,2025-10-01,12830.0
P0098,2026-01-15,13410.0
P0099,2025-10-01,3950.0
P0099,2026-01-15,4130.0
P0100,2025-10-01,16160.0
P0100,2026-01-15,16890.0
P0101,2025-10-01,3170.0
P0101,2026-01-15,3310.0
P0102,2025-10-01,5900.0
P0102,2026-01-15,6170.0
P0103,2025-10-01,9490.0
P0103,2026-01-15,9920.0
P0104,2025-10-01,6770.0
P0104,2026-01-15,7070.0
P0105,2025-10-01,3890.0
P0105,2026-01-15,4070.0
P0106,2025-10-01,16880.0
P0106,2026-01-15,17640.0
P0107,2025-10-01,5070.0
P0107,2026-01-15,5300.0
P0108,2025-10-01,17670.0
P0108,2026-01-15,18470.0
P0109,2025-10-01,23990.0
P0109,2026-01-15,25070.0
P0110,2025-10-01,12910.0
P0110,2026-01-15,13490.0
P0111,2025-10-01,7270.0
P0111,2026-01-15,7600.0
P0112,2025-10-01,2990.0
P0112,2026-01-15,3120.0
P0113,2025-10-01,15880.0
P0113,2026-01-15,16590.0
P0114,2025-10-01,2630.0
P0114,2026-01-15,2750.0
P0115,2025-10-01,5500.0
P0115,2026-01-15,5750.0
P0116,2025-10-01,11990.0
P0116,2026-01-15,12530.0
P0117,2025-10-01,6660.0
P0117,2026-01-15,6960.0
P0118,2025-10-01,13690.0
P0118,2026-01-15,14310.0
P0119,2025-10-01,15320.0
P0119,2026-01-15,16010.0
P0120,2025-10-01,6980.0
P0120,2026-01-15,7290.0
P0121,2025-10-01,2770.0
P0121,2026-01-15,2890.0
P0122,2025-10-01,8350.0
P0122,2026-01-15,8730.0
P0123,2025-10-01,5390.0
P0123,2026-01-15,5630.0
P0124,2025-10-01,9110.0
P0124,2026-01-15,9520.0
P0125,2025-10-01,2130.0
P0125,2026-01-15,2230.0
P0126,2025-10-01,14800.0
P0126,2026-01-15,15470.0
P0127,2025-10-01,6060.0
P0127,2026-01-15,6330.0
P0128,2025-10-01,3620.0
P0128,2026-01-15,3780.0
P0129,2025-10-01,2490.0
P0129,2026-01-15,2600.0
P0130,2025-10-01,3360.0
P0130,2026-01-15,3510.0
P0131,2025-10-01,2110.0
P0131,2026-01-15,2200.0
P0132,2025-10-01,4320.0
P0132,2026-01-15,4510.0
P0133,2025-10-01,6380.0
P0133,2026-01-15,6670.0
P0134,2025-10-01,15720.0
P0134,2026-01-15,16430.0
P0135,2025-10-01,3450.0
P0135,2026-01-15,3610.0
P0136,2025-10-01,12730.0
P0136,2026-01-15,13300.0
P0137,2025-10-01,2520.0
P0137,2026-01-15,2630.0
P0138,2025-10-01,2060.0
P0138,2026-01-15,2150.0
P0139,2025-10-01,10380.0
P0139,2026-01-15,10850.0
P0140,2025-10-01,4410.0
P0140,2026-01-15,4610.0
P0141,2025-10-01,2110.0
P0141,2026-01-15,2200.0
P0142,2025-10-01,13820.0
P0142,2026-01-15,14440.0
P0143,2025-10-01,6290.0
P0143,2026-01-15,6570.0
P0144,2025-10-01,2850.0
P0144,2026-01-15,2980.0
P0145,2025-10-01,6410.0
P0145,2026-01-15,6700.0
P0146,2025-10-01,27450.0
P0146,2026-01-15,28690.0
P0147,2025-10-01,43140.0
P0147,2026-01-15,45080.0
P0148,2025-10-01,9550.0
P0148,2026-01-15,9980.0
P0149,2025-10-01,13150.0
P0149,2026-01-15,13740.0
P0150,2025-10-01,7020.0
P0150,2026-01-15,7340.0
P0151,2025-10-01,37800.0
P0151,2026-01-15,39500.0
P0152,2025-10-01,38650.0
P0152,2026-01-15,40390.0
P0153,2025-10-01,38000.0
P0153,2026-01-15,39710.0
P0154,2025-10-01,18440.0
P0154,2026-01-15,19270.0
P0155,2025-10-01,11610.0
P0155,2026-01-15,12130.0
P0156,2025-10-01,43470.0
P0156,2026-01-15,45430.0
P0157,2025-10-01,32640.0
P0157,2026-01-15,34110.0
P0158,2025-10-01,12390.0
P0158,2026-01-15,12950.0
P0159,2025-10-01,21230.0
P0159,2026-01-15,22190.0
P0160,2025-10-01,17240.0
P0160,2026-01-15,18020.0
P0161,2025-10-01,36130.0
P0161,2026-01-15,37760.0
P0162,2025-10-01,18590.0
P0162,2026-01-15,19430.0
P0163,2025-10-01,16550.0
P0163,2026-01-15,17290.0
P0164,2025-10-01,11690.0
P0164,2026-01-15,12220.0
P0165,2025-10-01,32950.0
P0165,2026-01-15,34430.0
P0166,2025-10-01,13430.0
P0166,2026-01-15,14030.0
P0167,2025-10-01,17900.0
P0167,2026-01-15,18710.0
P0168,2025-10-01,16760.0
P0168,2026-01-15,17510.0
P0169,2025-10-01,14780.0
P0169,2026-01-15,15450.0
P0170,2025-10-01,36450.0
P0170,2026-01-15,38090.0
P0171,2025-10-01,8040.0
P0171,2026-01-15,8400.0
P0172,2025-10-01,18810.0
P0172,2026-01-15,19660.0
P0173,2025-10-01,13240.0
P0173,2026-01-15,13840.0
P0174,2025-10-01,7500.0
P0174,2026-01-15,7840.0
P0175,2025-10-01,9040.0
P0175,2026-01-15,9450.0
P0176,2025-10-01,25500.0
P0176,2026-01-15,26650.0
P0177,2025-10-01,35050.0
P0177,2026-01-15,36630.0
P0178,2025-10-01,23670.0
P0178,2026-01-15,24740.0
P0179,2025-10-01,19720.0
P0179,2026-01-15,20610.0
P0180,2025-10-01,82830.0
P0180,2026-01-15,86560.0
P0181,2025-10-01,87950.0
P0181,2026-01-15,91910.0
P0182,2025-10-01,16450.0
P0182,2026-01-15,17190.0
P0183,2025-10-01,29120.0
P0183,2026-01-15,30430.0
P0184,2025-10-01,16730.0
P0184,2026-01-15,17480.0
P0185,2025-10-01,58750.0
P0185,2026-01-15,61390.0
P0186,2025-10-01,27240.0
P0186,2026-01-15,28470.0
P0187,2025-10-01,20610.0
P0187,2026-01-15,21540.0
P0188,2025-10-01,26010.0
P0188,2026-01-15,27180.0
P0189,2025-10-01,22080.0
P0189,2026-01-15,23070.0
P0190,2025-10-01,55410.0
P0190,2026-01-15,57900.0
P0191,2025-10-01,7480.0
P0191,2026-01-15,7820.0
P0192,2025-10-01,12350.0
P0192,2026-01-15,12910.0
P0193,2025-10-01,5140.0
P0193,2026-01-15,5370.0
P0194,2025-10-01,19880.0
P0194,2026-01-15,20770.0
P0195,2025-10-01,1770.0
P0195,2026-01-15,1850.0
P0196,2025-10-01,1810.0
P0196,2026-01-15,1890.0
P0197,2025-10-01,5640.0
P0197,2026-01-15,5890.0
P0198,2025-10-01,3020.0
P0198,2026-01-15,3160.0
P0199,2025-10-01,2000.0
P0199,2026-01-15,2090.0
P0200,2025-10-01,7800.0
P0200,2026-01-15,8150.0
