vendedor_id,nombre,region
V01,Andrés Gómez,Caribe
V02,Carolina Restrepo,Centro
V03,Juan Pablo Ríos,Caribe
V04,Natalia Vélez,Centro
V05,Santiago Muñoz,Antioquia y Eje Cafetero
V06,Laura Cárdenas,Occidente
V07,Felipe Ospina,Occidente
V08,Daniela Rojas,Antioquia y Eje Cafetero
V09,Camilo Herrera,Oriente
V10,Valentina Arango,Centro
V11,Sebastián Castro,Occidente
V12,Mariana López,Antioquia y Eje Cafetero
V13,Julián Pérez,Centro
V14,Paula Jaramillo,Antioquia y Eje Cafetero
V15,Diego Morales,Occidente
V16,Catalina Zapata,Caribe
V17,Esteban Salazar,Caribe
V18,Manuela Torres,Centro
V19,Alejandro Quintero,Oriente
V20,Isabela Mejía,Caribe
V21,Mateo Giraldo,Antioquia y Eje Cafetero
V22,Sara Montoya,Oriente
V23,Nicolás Duque,Centro
V24,Luisa Fernanda Ruiz,Antioquia y Eje Cafetero
V25,Tomás Betancur,Centro
